    ID,Index,Name,DisplayName,Type,UpgradeMax,Weight,Physical,Strike,Slash,Pierce,Magic,Fire,Lightning,Dark,Poise,Poison,Bleed,Petrify,Curse,SetName
    1, 0, "<none>", "<none>", "h", 0, 0.0, 0.0, 0.0, 0.0, 0.0, 0.0, 0.0, 0.0, 0.0, 0.0, 0.0, 0.0,  0.0, 0.0, "" 
    2, 1, "Alonne Captain Helm", "Alonne Captain Helm", "h", 10, 5.1, 106.0, 100.0, 112.0, 106.0, 22.0, 34.0, 14.0, 22.0, 12.0, 12.0, 24.0, 0.0, 0.0, "Alonne Captain Set" 
	3, 2, "Alonne Knight Helm", "Alonne Knight Helm", "h", 10, 4.6, 80.0, 94.0, 104.0, 98.0, 18.0, 30.0, 14.0, 18.0, 9.0, 10.0, 20.0, 0.0, 0.0, "Alonne Knight Set" 
	4, 3, "Alva's Helm", "Alva's Helm", "h", 10, 3.7, 76.0, 72.0, 78.0, 74.0, 20.0, 22.0, 16.0, 22.0, 6.0, 22.0, 30.0, 0.0, 0.0, "Alva's Set" 
	5, 4, "Archdrake Helm", "Archdrake Helm", "h", 10, 5.4, 98.0, 98.0, 98.0, 98.0, 32.0, 30.0, 52.0, 30.0, 7.0, 26.0, 22.0, 0.0, 0.0, "Archdrake Set" 
	6, 5, "Astrologist's Hat", "Astrologist's Hat", "h", 10, 2.2, 52.0, 54.0, 50.0, 50.0, 38.0, 26.0, 26.0, 32.0, 0.0, 16.0, 16.0, 0.0, 0.0, "Astrologist's Set"
	7, 6, "Aurous Helm (Invisible)", "Aurous Helm(Invisible)", "h", 5, 1.2, 43.0, 46.0, 40.0, 42.0, 16.0, 13.0, 18.0, 15.0, 0.0, 12.0, 13.0, 0.0, 0.0, "Aurous Set (Invisible)" 
	8, 7, "Aurous Helm (Visible)", "Aurous Helm (Visible)", "h", 5, 3.8, 69.0, 66.0, 72.0, 69.0, 24.0, 24.0, 16.0, 25.0, 6.0, 19.0, 24.0, 0.0, 0.0, "Aurous Set (Visible)" 
	9, 8, "Bandit Helm", "Bandit Helm", "h", 10, 4.1, 88.0, 88.0, 90.0, 84.0, 26.0, 28.0, 22.0, 26.0, 3.5, 20.0, 28.0, 0.0, 0.0, "Bandit Set" 
	10, 9, "Bell Keeper Helm", "Bell Keeper Helm", "h", 10, 4.8, 104.0, 90.0, 114.0, 110.0, 22.0, 36.0, 10.0, 40.0, 5.0, 16.0, 32.0, 0.0, 0.0, "Bell Keeper Set" 
	11, 10, "Benhart's Knight Helm", "Benhart's Knight Helm", "h", 10, 7.0, 138.0, 134.0, 144.0, 138.0, 32.0, 30.0, 28.0, 32.0, 11.0, 36.0, 28.0, 0.0, 0.0, "Benhart's Set" 
	12, 11, "Black Dragon Helm", "Black Dragon Helm", "h", 0, 2.2, 56.0, 54.0, 57.0, 56.0, 20.0, 44.0, 21.0, 20.0, 0.0, 25.0, 36.0, 29.0, 29.0, "Black Dragon Set" 
	13, 12, "Black Hollow Mage Hood", "Black Hollow Mage Hood", "h", 10, 1.9, 64.0, 68.0, 62.0, 62.0, 54.0, 38.0, 42.0, 46.0, 0.0, 28.0, 26.0, 26.0, 26.0, "Black Hollow Mage Set" 
	14, 13, "Thief Mask", "Thief Mask", "h", 10, 1.2, 40.0, 42.0, 40.0, 40.0, 20.0, 14.0, 14.0, 16.0, 0.0, 24.0, 16.0, 0.0, 0.0, "Black Leather Set" 
	15, 14, "Black Hood", "Black Hood", "h", 5, 0.9, 34.0, 37.0, 33.0, 33.0, 37.0, 25.0, 25.0, 25.0, 0.0, 15.0, 13.0, 19.0, 18.0, "Black Set" 
	16, 15, "Black Witch Helm", "Black Witch Helm", "h", 5, 0.5, 15.0, 16.0, 15.0, 15.0, 13.0, 10.0, 13.0, 13.0, 0.0, 4.0, 6.0, 7.0, 7.0, "Black Witch Set" 
	17, 16, "Black Witch Hat", "Black Witch Hat", "h", 5, 1.5, 28.0, 34.0, 28.0, 28.0, 22.0, 10.0, 22.0, 22.0, 0.0, 10.0, 12.0, 18.0, 18.0, "Black Witch Set" 
	18, 17, "Black Witch Domino Mask", "Black Witch Domino Mask", "h", 5, 0.5, 15.0, 16.0, 13.0, 13.0, 24.0, 12.0, 24.0, 24.0, 0.0, 7.0, 7.0, 25.0, 25.0, "Black Witch Set" 
	19, 18, "Bone King Crown", "Bone King Crown", "h", 5, 1.7, 48.0, 52.0, 45.0, 45.0, 30.0, 33.0, 27.0, 42.0, 0.0, 24.0, 15.0, 18.0, 30.0, "Bone King Set" 
	20, 19, "Brigand Hood", "Brigand Hood", "h", 10, 1.2, 44.0, 48.0, 44.0, 40.0, 22.0, 18.0, 16.0, 18.0, 0.0, 18.0, 18.0, 0.0, 0.0, "Brigand Set" 
	21, 20, "Cale's Helm", "Cale's Helm", "h", 10, 39, 76.0, 76.0, 76.0, 80.0, 22.0, 24.0, 18.0, 22.0, 0.0, 34.0, 22.0, 0.0, 0.0, "Cale's Set" 
	22, 21, "Catarina Helm", "Catarina Helm", "h", 5, 4.5, 85.0, 85.0, 100.0, 85.0, 18.0, 21.0, 12.0, 18.0, 9.0, 15.0, 24.0, 0.0, 0.0, "Catarina Set" 
	23, 22, "Chaos Hood", "Chaos Hood", "h", 5, 0.9, 34.0, 37.0, 33.0, 33.0, 25.0, 37.0, 25.0, 36.0, 0.0, 15.0, 13.0, 19.0, 18.0, "Chaos Set" 
	24, 23, "Creighton's Helm", "Creighton's Helm", "h", 10, 4.3, 80.0, 78.0, 82.0, 80.0, 24.0, 26.0, 14.0, 24.0, 6.0, 18.0, 30.0, 0.0, 0.0, "Creighton's Set" 
	25, 24, "Dark Mask", "Dark Mask", "h", 5, 3.8, 66.0, 66.0, 70.0, 63.0, 18.0, 18.0, 12.0, 37.0, 6.0, 18.0, 21.0, 0.0, 0.0, "Dark Set"
	26, 25, "Desert Sorceress Hood", "Desert Sorceress Hood", "h", 10, 0.6, 20.0, 20.0, 20.0, 20.0, 18.0, 12.0, 16.0, 16.0, 0.0, 8.0, 4.0, 12.0, 6.0, "Desert Sorceress Set" 
	27, 26, "Dingy Hood", "Dingy Hood", "h", 10, 0.8, 28.0, 32.0, 26.0, 26.0, 18.0, 14.0, 16.0, 16.0, 0.0, 10.0, 12.0, 24.0, 26.0, "Dingy Set" 
	28, 27, "Dragon Acolyte Hood", "Dragon Acolyte Hood", "h", 10, 1.5, 46.0, 48.0, 44.0, 44.0, 18.0, 18.0, 22.0, 22.0, 0.0, 22.0, 18.0, 0.0, 22.0, "Dragon Acolyte Set" 
	29, 28, "Dragon Sage Hood", "Dragon Sage Hood", "h", 10, 2.0, 50.0, 54.0, 50.0, 50.0, 22.0, 22.0, 24.0, 26.0, 0.0, 24.0, 20.0, 0.0, 42.0, "Dragon Acolyte Set"
	30, 29, "Dragonrider Helm", "Dragonrider Helm", "h", 5, 7.5, 169.0, 159.0, 177.0, 169.0, 19.0, 18.0, 19.0, 19.0, 14.0, 18.0, 24.0, 0.0, 0.0, "Dragonrider Set" 
	31, 30, "Drakekeeper Helm", "Drakekeeper Helm", "h", 10, 6.0, 134.0, 130.0, 142.0, 134.0, 20.0, 22.0, 18.0, 20.0, 12.0, 20.0, 28.0, 0.0, 28.0, "Drakekeeper Set" 
	32, 31, "Drangleic Helm", "Drangleic Helm", "h", 5, 5.9, 118.0, 112.0, 129.0, 121.0, 19.0, 19.0, 16.0, 19.0, 10.0, 19.0, 25.0, 0.0, 0.0, "Drangleic Set" 
	33, 32, "Elite Knight Helm", "Elite Knight Helm", "h", 10, 4.5, 80.0, 78.0, 88.0, 80.0, 22.0, 24.0, 16.0, 22.0, 6.0, 18.0, 26.0, 0.0, 0.0, "Elite Knight Set" 
	34, 33, "Executioner Helm", "Executioner Helm", "h", 5, 4.4, 91.0, 84.0, 97.0, 94.0, 21.0, 22.0, 15.0, 49.0, 5.0, 16.0, 63.0, 0.0, 43.0, "Executioner Set" 
	35, 34, "Falconer Helm", "Falconer Helm", "h", 10, 4.5, 86.0, 76.0, 94.0, 88.0, 26.0, 38.0, 14.0, 26.0, 6.0, 18.0, 34.0, 0.0, 0.0, "Falconer Set" 
	36, 35, "Faraam Helm", "Faraam Helm", "h", 10, 4.8, 94.0, 90.0, 102.0, 96.0, 22.0, 24.0, 14.0, 22.0, 9.0, 18.0, 24.0, 0.0, 0.0, "Faraam Set" 
	37, 36, "Grave Warden Mask", "Grave Warden Mask", "h", 10, 0.5, 14.0, 14.0, 12.0, 12.0, 6.0, 6.0, 8.0, 8.0, 0.0, 8.0, 6.0, 0.0, 0.0, "Grave Warden Set" 
	38, 37, "Gyrm Helm", "Gyrm Helm", "h", 10, 8.2, 172.0, 172.0, 180.0, 164.0, 24.0, 22.0, 20.0, 24.0, 19.0, 48.0, 38.0, 26.0, 26.0, "Gyrm Set" 
	39, 38, "Gyrm Warrior Helm", "Gyrm Warrior Helm", "h", 10, 8.9, 198.0, 206.0, 206.0, 180.0, 24.0, 28.0, 28.0, 24.0, 20.0, 18.0, 46.0, 0.0, 0.0, "Gyrm Warrior Set" 
	40, 39, "Standard Helm", "Standard Helm", "h", 10, 4.0, 80.0, 56.0, 106.0, 78.0, 16.0, 20.0, 6.0, 16.0, 5.0, 20.0, 36.0, 0.0, 0.0, "Hard Leather Set" 
	41, 40, "Havel's Helm", "Havel's Helm", "h", 5, 7.5, 168.0, 147.0, 189.0, 168.0, 24.0, 25.0, 22.0, 24.0, 17.0, 9.0, 40.0, 19.0, 19.0, "Havel's Set" 
	42, 41, "Heide Knight Greathelm", "Heide Knight Greathelm", "h", 10, 5.2, 118.0, 112.0, 126.0, 118.0, 20.0, 26.0, 18.0, 36.0, 11.0, 38.0, 30.0, 0.0, 32.0, "Heide Knight Set" 
	43, 42, "Hexer Hood", "Hexer Hood", "h", 5, 0.9, 34.0, 37.0, 33.0, 33.0, 25.0, 37.0, 25.0, 36.0, 0.0, 15.0, 13.0, 19.0, 18.0, "Hexer Set" 
	44, 43, "Hollow Infantry Helm", "Hollow Infantry Helm", "h", 10, 4.0, 62.0, 64.0, 60.0, 60.0, 14.0, 12.0, 16.0, 14.0, 0.0, 14.0, 14.0, 0.0, 0.0, "Hollow Infantry Set" 
	45, 44, "Hollow Soldier Helm", "Hollow Soldier Helm", "h", 10, 4.3, 68.0, 66.0, 72.0, 70.0, 22.0, 24.0, 16.0, 22.0, 4.0, 18.0, 22.0, 0.0, 0.0, "Hollow Soldier Set" 
	46, 45, "Hunter's Hat", "Hunter's Hat", "h", 10, 1.2, 34.0, 36.0, 32.0, 32.0, 12.0, 8.0, 16.0, 14.0, 0.0, 14.0, 12.0, 0.0, 0.0, "Hunter's Set" 
	47, 46, "Imperious Helm", "Imperious Helm", "h", 10, 5.8, 126.0, 122.0, 134.0, 126.0, 26.0, 22.0, 18.0, 26.0, 10.0, 22.0, 26.0, 20.0, 20.0, "Imperious Set" 
	48, 47, "Imported Hood", "Imported Hood", "h", 10, 2.2, 32.0, 36.0, 30.0, 30.0, 10.0, 8.0, 12.0, 10.0, 0.0, 12.0, 12.0, 0.0, 0.0, "Imported Set" 
	49, 48, "Infantry Hood", "Infantry Hood", "h", 10, 4, 76.0, 80.0, 76.0, 76.0, 20.0, 18.0, 24.0, 20.0, 0.0, 20.0, 20.0, 0.0, 0.0, "Infantry Set" 
	50, 49, "Insolent Helm", "Insolent Helm", "h", 10, 4.8, 84.0, 80.0, 90.0, 84.0, 22.0, 22.0, 26.0, 20.0, 6.0, 20.0, 26.0, 20.0, 20.0, "Insolent Set" 
	51, 50, "Ironclad Helm", "Ironclad Helm", "h", 10, 6.3, 128.0, 118.0, 136.0, 128.0, 20.0, 22.0, 14.0, 20.0, 13.0, 12.0, 34.0, 0.0, 0.0, "Ironclad Set" 
	52, 51, "Jester's Hat", "Jester's Hat", "h", 10, 3.0, 68.0, 74.0, 66.0, 66.0, 38.0, 38.0, 38.0, 38.0, 0.0, 42.0, 32.0, 40.0, 28.0, "Jester's Set" 
	53, 52, "Mask of Judgment", "Mask of Judgment", "h", 5, 2.5, 73.0, 79.0, 70.0, 70.0, 37.0, 30.0, 25.0, 33.0, 0.0, 19.0, 21.0, 0.0, 40.0, "Judgment Set" 
	54, 53, "King's Crown", "King's Crown", "h", 5, 3.8, 67.0, 64.0, 72.0, 67.0, 22.0, 22.0, 18.0, 16.0, 2.0, 25.0, 24.0, 25.0, 0.0, "King's Set" 
	55, 54, "Knight Helm", "Knight Helm", "h", 10, 4.2, 70.0, 68.0, 80.0, 70.0, 22.0, 22.0, 16.0, 22.0, 8.0, 18.0, 26.0, 0.0, 0.0, "Knight Set" 
	56, 55, "Leydia Black Hood", "Leydia Black Hood", "h", 5, 1.0, 30.0, 33.0, 28.0, 28.0, 21.0, 13.0, 12.0, 27.0, 0.0, 15.0, 13.0, 12.0, 18.0, "Leydia Black Set" 
	57, 56, "Leydia White Hood", "Leydia White Hood", "h", 10, 1.0, 28.0, 30.0, 26.0, 26.0, 18.0, 18.0, 16.0, 24.0, 0.0, 14.0, 12.0, 10.0, 16.0, "Leydia White Set" 
	58, 57, "Lion Warrior Mask", "Lion Warrior Mask", "h", 10, 0.5, 22.0, 24.0, 22.0, 22.0, 10.0, 10.0, 10.0, 18.0, 0.0, 8.0, 8.0, 16.0, 32.0, "Lion Warrior Set" 
	59, 58, "Looking Glass Helm", "Looking Glass Helm", "h", 5, 7.0, 150.0, 133.0, 169.0, 150.0, 21.0, 22.0, 34.0, 21.0, 16.0, 19.0, 37.0, 0.0, 0.0, "Looking Glass Set" 
	60, 59, "Lucatiel's Mask", "Lucatiel's Mask", "h", 10, 2.0, 50.0, 54.0, 50.0, 50.0, 28.0, 24.0, 30.0, 28.0, 0.0, 22.0, 18.0, 10.0, 18.0, "Lucatiel's Set" 
	61, 60, "Mad Warrior Mask", "Mad Warrior Mask", "h", 5, 5.0, 103.0, 103.0, 108.0, 97.0, 16.0, 16.0, 12.0, 16.0, 9.0, 21.0, 21.0, 19.0, 19.0, "Mad Warrior Set" 
	62, 61, "Manikin Mask", "Manikin Mask", "h", 10, 1.8, 72.0, 76.0, 70.0, 70.0, 36.0, 34.0, 44.0, 44.0, 0.0, 42.0, 58.0, 18.0, 0.0, "Manikin Set" 
	63, 62, "Mastodon Helm", "Mastodon Helm", "h", 10, 6.6, 148.0, 138.0, 158.0, 148.0, 20.0, 20.0, 12.0, 20.0, 12.0, 24.0, 28.0, 0.0, 0.0, "Mastodon Set" 
	64, 63, "Monastery Headcloth", "Monastery Headcloth", "h", 5, 0.6, 45.0, 48.0, 42.0, 42.0, 39.0, 28.0, 25.0, 28.0, 0.0, 49.0, 31.0, 28.0, 33.0, "Monastery Set" 
	65, 64, "Moon Butterfly Hat", "Moon Butterfly Hat", "h", 5, 0.8, 40.0, 45.0, 39.0, 39.0, 21.0, 13.0, 21.0, 18.0, 0.0, 39.0, 16.0, 22.0, 24.0, "Moon Butterfly Set" 
	66, 65, "Nahr Alma Hood", "Nahr Alma Hood", "h", 10, 1.5, 38.0, 40.0, 38.0, 38.0, 22.0, 18.0, 20.0, 38.0, 0.0, 18.0, 18.0, 24.0, 24.0, "Nahr Alma Set" 
	67, 66, "Old Ironclad Helm", "Old Ironclad Helm", "h", 10, 6.3, 112.0, 104.0, 122.0, 112.0, 16.0, 18.0, 12.0, 16.0, 11.0, 10.0, 28.0, 0.0, 0.0, "Old Ironclad Set" 
	68, 67, "Old Knight Helm", "Old Knight Helm", "h", 10, 7.0, 154.0, 146.0, 160.0, 154.0, 18.0, 18.0, 14.0, 18.0, 14.0, 14.0, 30.0, 0.0, 0.0, "Old Knight Set" 
	69, 68, "Pate's Helm", "Pate's Helm", "h", 10, 3.5, 76.0, 54.0, 102.0, 76.0, 16.0, 20.0, 6.0, 16.0, 5.0, 18.0, 34.0, 0.0, 0.0, "Pate's Set" 
	70, 69, "Peasant Hat", "Peasant Hat", "h", 10, 1.3, 18.0, 18.0, 16.0, 16.0, 8.0, 8.0, 10.0, 8.0, 0.0, 12.0, 10.0, 0.0, 0.0, "Peasant Set" 
	71, 70, "Penal Mask", "Penal Mask", "h", 5, 5.1, 97.0, 88.0, 109.0, 90.0, 40.0, 49.0, 25.0, 45.0, 5.0, 15.0, 22.0, 31.0, 61.0, "Penal Set" 
	72, 71, "Priestess Headpiece", "Priestess Headpiece", "h", 10, 1.2, 46.0, 48.0, 44.0, 44.0, 28.0, 28.0, 40.0, 32.0, 0.0, 18.0, 18.0, 22.0, 22.0, "Priestess Set" 
	73, 72, "Prisoner's Hood", "Prisoner's Hood", "h", 10, 0.8, 8.0, 10.0, 8.0, 8.0, 8.0, 8.0, 12.0, 10.0, 0.0, 10.0, 6.0, 0.0, 0.0, "Prisoner's Set" 
	74, 73, "Rogue Hood", "Rogue Hood", "h", 10, 0.7, 22.0, 22.0, 22.0, 22.0, 8.0, 8.0, 8.0, 10.0, 0.0, 8.0, 8.0, 0.0, 0.0, "Rogue Set" 
	75, 74, "Royal Soldier Helm", "Royal Soldier Helm", "h", 10, 4.8, 82.0, 78.0, 86.0, 84.0, 26.0, 26.0, 18.0, 26.0, 6.0, 22.0, 24.0, 0.0, 0.0, "Royal Soldier Set" 
	76, 75, "Royal Swordsman Helm", "Royal Swordsman Helm", "h", 10, 4.7, 84.0, 74.0, 94.0, 88.0, 20.0, 24.0, 14.0, 20.0, 7.0, 12.0, 24.0, 0.0, 0.0, "Royal Swordsman Set" 
	77, 76, "Ruin Helm", "Ruin Helm", "h", 5, 4.0, 79.0, 72.0, 85.0, 81.0, 18.0, 21.0, 12.0, 18.0, 8.0, 10.0, 25.0, 33.0, 0.0, "Ruin Set" 
	78, 77, "Rusted Mastodon Helm", "Rusted Mastodon Helm", "h", 10, 6.0, 118.0, 110.0, 126.0, 118.0, 16.0, 16.0, 10.0, 16.0, 10.0, 20.0, 22.0, 0.0, 0.0, "Rusted Mastodon Set" 
	79, 78, "Saint's Hood", "Saint's Hood", "h", 5, 0.9, 34.0, 37.0, 33.0, 33.0, 25.0, 25.0, 31.0, 25.0, 0.0, 15.0, 13.0, 30.0, 27.0, "Saint's Set" 
	80, 79, "Shadow Mask", "Shadow Mask", "h", 10, 1.8, 68.0, 76.0, 60.0, 60.0, 36.0, 40.0, 38.0, 48.0, 0.0, 54.0, 42.0, 34.0, 0.0, "Shadow Set" 
	81, 80, "Smelter Demon Helm", "Smelter Demon Helm", "h", 5, 9.0, 193.0, 174.0, 213.0, 193.0, 27.0, 51.0, 25.0, 27.0, 15.0, 18.0, 42.0, 27.0, 27.0, "Smelter Demon Set" 
	82, 81, "Steel Helm", "Steel Helm", "h", 10, 5.4, 124.0, 118.0, 132.0, 124.0, 18.0, 20.0, 14.0, 18.0, 12.0, 16.0, 28.0, 0.0, 0.0, "Steel Set" 
	83, 82, "Syan's Helm", "Syan's Helm", "h", 10, 6.2, 122.0, 110.0, 130.0, 126.0, 24.0, 32.0, 14.0, 24.0, 10.0, 14.0, 40.0, 0.0, 0.0, "Syan's Set" 
	84, 83, "Targray's Helm", "Targray's Helm", "h", 10, 4.0, 72.0, 68.0, 78.0, 72.0, 18.0, 18.0, 14.0, 20.0, 5.0, 22.0, 24.0, 0.0, 0.0, "Targray's Set" 
	85, 84, "Tattered Cloth Hood", "Tattered Cloth Hood", "h", 10, 1.1, 40.0, 42.0, 40.0, 40.0, 22.0, 30.0, 20.0, 22.0, 0.0, 36.0, 12.0, 0.0, 8.0, "Tattered Cloth Set" 
	86, 85, "Throne Defender Helm", "Throne Defender Helm", "h", 5, 6.4, 130.0, 126.0, 135.0, 132.0, 27.0, 30.0, 15.0, 27.0, 8.0, 18.0, 30.0, 0.0, 0.0, "Throne Defender Set" 
	87, 86, "Throne Watcher Helm", "Throne Watcher Helm", "h", 5, 5.6, 105.0, 99.0, 112.0, 105.0, 45.0, 30.0, 24.0, 30.0, 4.0, 24.0, 28.0, 0.0, 0.0, "Throne Watcher Set" 
	88, 87, "Traveling Merchant Hat", "Traveling Merchant Hat", "h", 10, 2.6, 50.0, 54.0, 48.0, 48.0, 14.0, 16.0, 16.0, 14.0, 0.0, 18.0, 20.0, 0.0, 0.0, "Traveling Merchant Set" 
	89, 88, "Tseldora Cap", "Tseldora Cap", "h", 10, 1.4, 20.0, 22.0, 20.0, 20.0, 10.0, 10.0, 12.0, 8.0, 0.0, 10.0, 10.0, 0.0, 0.0, "Tseldora Set" 
	90, 89, "Varangian Helm", "Varangian Helm", "h", 10, 4.6, 106.0, 92.0, 120.0, 130.0, 34.0, 38.0, 20.0, 34.0, 5.0, 34.0, 46.0, 0.0, 0.0, "Varangian Set" 
	91, 90, "Velstadt's Helm", "Velstadt's Helm", "h", 5, 7.5, 169.0, 154.0, 178.0, 175.0, 25.0, 27.0, 15.0, 54.0, 11.0, 19.0, 46.0, 27.0, 34.0, "Velstadt's Set" 
	92, 91, "Vengarl's Helm", "Vengarl's Helm", "h", 5, 6.8, 148.0, 139.0, 157.0, 148.0, 22.0, 28.0, 21.0, 22.0, 12.0, 21.0, 27.0, 0.0, 0.0, "Vengarl's Set" 
	93, 92, "Wanderer Hood", "Wanderer Hood", "h", 10, 1.4, 46.0, 44.0, 46.0, 48.0, 16.0, 20.0, 22.0, 16.0, 0.0, 18.0, 28.0, 0.0, 0.0, "Wanderer Set" 
	94, 93, "White Hollow Mage Hood", "White Hollow Mage Hood", "h", 10, 1.8, 68.0, 70.0, 66.0, 66.0, 52.0, 40.0, 42.0, 46.0, 0.0, 26.0, 26.0, 38.0, 38.0, "White Hollow Mage Set" 
	95, 94, "White Priest Headpiece", "White Priest Headpiece", "h", 10, 1.4, 46.0, 50.0, 46.0, 46.0, 28.0, 28.0, 36.0, 32.0, 0.0, 20.0, 18.0, 18.0, 18.0, "White Priest Set"
	96, 95, "Xanthous Crown", "Xanthous Crown", "h", 5, 5.0, 100.0, 174.0, 100.0, 66.0, 24.0, 7.0, 16.0, 22.0, 0.0, 10.0, 10.0, 0.0, 136.0, "Xanthous Set" 
	97, 96, "Durgo's Hat", "Durgo's Hat", "h", 5, 2.6, 33.0, 31.0, 34.0, 31.0, 18.0, 15.0, 13.0, 15.0, 0.0, 13.0, 12.0, 0.0, 0.0, "Durgo's Set"
	377, 97, "Warlock Mask", "Warlock Mask", "h", 10, 4.8, 52.0, 59.0, 48.0, 48.0, 72.0, 33.0, 48.0, 72.0, 4.0, 38.0, 38.0, 47.0, 120.0, "Warlock's Set"
	98, 0, "<none>", "<none>", "c", 0, 0.0, 0.0, 0.0, 0.0, 0.0, 0.0, 0.0, 0.0, 0.0, 0.0, 0.0, 0.0,  0.0, 0.0, "" 
    99, 1, "Agdayne's Black Robes", "Agdayne's Black Robes", "c", 5, 5.8, 139.0, 147.0, 135.0, 135.0, 81.0, 78.0, 72.0, 108.0, 0.0, 82.0, 57.0, 72.0, 97.0, "Agdayne's Set" 
	100, 2, "Alonne Captain Armor", "Alonne Captain Armor", "c", 10, 15.6, 324.0, 306.0, 342.0, 324.0, 68.0, 106.0, 46.0, 68.0, 38.0, 34.0, 76.0, 0.0, 0.0, "Alonne Captain Set" 
	101, 3, "Alonne Knight Chest", "Alonne Knight Chest", "c", 10, 14.2, 304.0, 292.0, 322.0, 304.0, 54.0, 92.0, 44.0, 54.0, 34.0, 28.0, 64.0, 0.0, 0.0, "Alonne Knight Set" 
	102, 4, "Alva Armor", "Alva Armor", "c", 10, 8.8, 178.0, 170.0, 184.0, 176.0, 50.0, 54.0, 38.0, 52.0, 15.0, 52.0, 70.0, 0.0, 0.0, "Alva's Set" 
	103, 5, "Archdrake Robes", "Archdrake Robes", "c", 10, 9.8, 178.0, 178.0, 178.0, 178.0, 56.0, 54.0, 94.0, 54.0, 13.0, 48.0, 40.0, 0.0, 0.0, "Archdrake Set" 
	104, 6, "Astrologist's Robe", "Astrologist's Robe", "c", 10, 5.1, 120.0, 126.0, 116.0, 16.0, 88.0, 60.0, 60.0, 74.0, 0.0, 38.0, 38.0, 0.0, 0.0, "Astrologist's Set"
	105, 7, "Armor of Aurous (Invisible", "Armor of Aurous (Invisible", "c", 5, 3.2, 114.0, 123.0, 108.0, 111.0, 45.0, 37.0, 48.0, 42.0, 0.0, 30.0, 36.0, 0.0, 0.0, "Aurous Set (Invisible)" 
	106, 8, "Armor of Aurous (Visible)", "Armor of Aurous (Visible)", "c", 5, 10.1, 183.0, 177.0, 192.0, 184.0, 64.0, 63.0, 45.0, 69.0, 18.0, 51.0, 66.0, 0.0, 0.0, "Aurous Set (Visible)" 
	107, 9, "Bandit Armor", "Bandit Armor", "c", 10, 6.2, 134.0, 132.0, 138.0, 128.0, 40.0, 42.0, 34.0, 40.0, 5.0, 28.0, 42.0, 0.0, 0.0, "Bandit Set" 
	108, 10, "Bell Keeper Bellyband", "Bell Keeper Bellyband", "c", 10, 6.0, 132.0, 138.0, 128.0, 128.0, 28.0, 26.0, 38.0, 50.0, 0.0, 32.0, 26.0, 0.0, 0.0, "Bell Keeper Set" 
	109, 11, "Benhart's Armor", "Benhart's Armor", "c", 10, 10.5, 208.0, 200.0, 216.0, 208.0, 48.0, 46.0, 42.0, 48.0, 18.0, 54.0, 42.0, 0.0, 0.0, "Benhart's Set" 
	110, 12, "Black Dragon Armor", "Black Dragon Armor", "c", 0, 4.8, 125.0, 121.0, 127.0, 125.0, 45.0, 98.0, 47.0, 45.0, 0.0, 57.0, 80.0, 65.0, 65.0, "Black Dragon Set" 
	111, 13, "Black Hollow Mage Robes", "Black Hollow Mage Robes", "c", 10, 3.3, 110.0, 116.0, 108.0, 108.0, 94.0, 66.0, 72.0, 78.0, 0.0, 46.0, 42.0, 44.0, 44.0, "Black Hollow Mage Set" 
	112, 14, "Black Leather Armor", "Black Leather Armor", "c", 10, 3.9, 130.0, 136.0, 128.0, 128.0, 62.0, 48.0, 46.0, 52.0, 0.0, 76.0, 52.0, 0.0, 0.0, "Black Leather Set" 
	113, 15, "Black Witch Robe", "Black Witch Robe", "c", 5, 4.8, 145.0, 157.0, 141.0, 141.0, 135.0, 108.0, 126.0, 130.0, 0.0, 48.0, 58.0, 64.0, 64.0, "Black Witch Set" 
	114, 16, "Bone King Robe", "Bone King Robe", "c", 5, 3.8, 106.0, 115.0, 102.0, 102.0, 67.0, 75.0, 61.0, 94.0, 0.0, 54.0, 34.0, 42.0, 67.0, "Bone King Set" 
	115, 17, "Brigand Armor", "Brigand Armor", "c", 10, 3.1, 114.0, 124.0, 112.0, 106.0, 56.0, 44.0, 42.0, 48.0, 0.0, 46.0, 46.0, 0.0, 0.0, "Brigand Set" 
	116, 18, "Cale's Leather Armor", "Cale's Leather Armor", "c", 10, 3.0, 78.0, 76.0, 76.0, 80.0, 22.0, 24.0, 18.0, 22.0, 0.0, 34.0, 22.0, 0.0, 0.0, "Cale's Set" 
	117, 19, "Catarina Armor", "Catarina Armor", "c", 5, 11.7, 223.0, 223.0, 259.0, 223.0, 48.0, 52.0, 31.0, 48.0, 25.0, 37.0, 61.0, 0.0, 0.0, "Catarina Set" 
	118, 20, "Chaos Robe", "Chaos Robe", "c", 5, 2.6, 100.0, 108.0, 96.0, 96.0, 73.0, 109.0, 73.0, 106.0, 0.0, 45.0, 39.0, 58.0, 52.0, "Chaos Set" 
	119, 21, "Creighton's Chainmail", "Creighton's Chainmail", "c", 10, 9.7, 180.0, 176.0, 186.0, 180.0, 54.0, 60.0, 32.0, 54.0, 14.0, 42.0, 68.0, 0.0, 0.0, "Creighton's Set" 
	120, 22, "Dark Armor", "Dark Armor", "c", 5, 9.8, 171.0, 171.0, 180.0, 163.0, 45.0, 45.0, 30.0, 96.0, 16.0, 46.0, 52.0, 0.0, 0.0, "Dark Set" 
	121, 23, "Desert Sorceress Top", "Desert Sorceress Top", "c", 10, 2.7, 90.0, 94.0, 86.0, 86.0, 84.0, 58.0, 70.0, 76.0, 0.0, 32.0, 22.0, 58.0, 28.0, "Desert Sorceress Set" 
	122, 24, "Dingy Robe", "Dingy Robe", "c", 10, 3.0, 108.0, 122.0, 102.0, 102.0, 66.0, 54.0, 62.0, 62.0, 0.0, 40.0, 46.0, 92.0, 92.0, "Dingy Set" 
	123, 25, "Dragon Acolyte Robe", "Dragon Acolyte Robe", "c", 10, 3.9, 118.0, 124.0, 114.0, 114.0, 48.0, 48.0, 56.0, 60.0, 0.0, 54.0, 46.0, 0.0, 54.0, "Dragon Acolyte Set" 
	124, 26, "Dragonrider Armor", "Dragonrider Armor", "c", 5, 16.0, 363.0, 339.0, 378.0, 363.0, 40.0, 37.0, 42.0, 40.0, 40.0, 39.0, 49.0, 0.0, 0.0, "Dragonrider Set" 
	125, 27, "Drakekeeper Armor", "Drakekeeper Armor", "c", 10, 15.7, 354.0, 340.0, 372.0, 388.0, 54.0, 60.0, 48.0, 54.0, 36.0, 54.0, 76.0, 0.0, 72.0, "Drakekeeper Set" 
	126, 28, "Drangleic Mail", "Drangleic Mail", "c", 5, 14.5, 292.0, 276.0, 316.0, 298.0, 48.0, 48.0, 42.0, 48.0, 28.0, 49.0, 63.0, 0.0, 0.0, "Drangleic Set" 
	127, 29, "Elite Knight Armor", "Elite Knight Armor", "c", 10, 11.7, 208.0, 202.0, 228.0, 208.0, 58.0, 64.0, 42.0, 58.0, 15.0, 48.0, 68.0, 0.0, 0.0, "Elite Knight Set" 
	128, 30, "Executioner Armor", "Executioner Armor", "c", 5, 6.7, 139.0, 127.0, 148.0, 144.0, 31.0, 34.0, 22.0, 75.0, 7.0, 25.0, 96.0, 0.0, 67.0, "Executioner Set" 
	129, 31, "Falconer Armor", "Falconer Armor", "c", 10, 7.7, 148.0, 156.0, 142.0, 142.0, 44.0, 38.0, 50.0, 44.0, 12.0, 48.0, 38.0, 0.0, 0.0, "Falconer Set" 
	130, 32, "Faraam Armor", "Faraam Armor", "c", 10, 12.6, 248.0, 236.0, 266.0, 252.0, 56.0, 60.0, 36.0, 56.0, 24.0, 48.0, 66.0, 0.0, 0.0, "Faraam Set"
	131, 33, "Grave Warden Top", "Grave Warden Top", "c", 10, 6.0, 158.0, 172.0, 152.0, 152.0, 70.0, 66.0, 84.0, 90.0, 0.0, 84.0, 68.0, 0.0, 0.0, "Grave Warden Set" 
	132, 34, "Gyrm Armor", "Gyrm Armor", "c", 10, 12.3, 258.0, 258.0, 270.0, 246.0, 38.0, 34.0, 30.0, 38.0, 26.0, 72.0, 56.0, 38.0, 38.0, "Gyrm Set" 
	133, 35, "Gyrm Warrior Armor", "Gyrm Warrior Armor", "c", 10, 19.7, 436.0, 454.0, 454.0, 400.0, 52.0, 62.0, 62.0, 52.0, 42.0, 38.0, 114.0, 0.0, 0.0, "Gyrm Warrior Set" 
	134, 36, "Hard Leather Armor", "Hard Leather Armor", "c", 10, 7.2, 136.0, 142.0, 132.0, 134.0, 42.0, 28.0, 52.0, 44.0, 0.0, 52.0, 48.0, 0.0, 0.0, "Hard Leather Set" 
	135, 37, "Havel's Armor", "Havel's Armor", "c", 5, 19.5, 436.0, 382.0, 492.0, 436.0, 63.0, 67.0, 57.0, 63.0, 47.0, 25.0, 103.0, 49.0, 49.0, "Havel's Set"
	136, 38, "Heide Knight Chainmail", "Heide Knight Chainmail", "c", 10, 10.9, 216.0, 20.0, 230.0, 216.0, 36.0, 48.0, 32.0, 66.0, 20.0, 70.0, 54.0, 0.0, 58.0, "Heide Knight Set" 
	137, 39, "Hexer's Robes", "Hexer's Robes", "c", 5, 2.6, 100.0, 108.0, 96.0, 96.0, 73.0, 109.0, 73.0, 73.0, 0.0, 45.0, 39.0, 58.0, 52.0, "Hexer Set" 
	138, 40, "Hollow Infantry Armor", "Hollow Infantry Armor", "c", 10, 5.9, 100.0, 102.0, 98.0, 98.0, 22.0, 16.0, 26.0, 22.0, 0.0, 22.0, 22.0, 0.0, 0.0, "Hollow Infantry Set" 
	139, 41, "Hollow Soldier Armor", "Hollow Soldier Armor", "c", 10, 8.6, 138.0, 132.0, 146.0, 140.0, 44.0, 46.0, 30.0, 44.0, 7.0, 36.0, 42.0, 0.0, 0.0, "Hollow Soldier Set" 
	140, 42, "Leather Armor", "Leather Armor", "c", 10, 4.7, 130.0, 138.0, 126.0, 126.0, 48.0, 30.0, 62.0, 52.0, 0.0, 52.0, 44.0, 0.0, 0.0, "Hunter Set" 
	141, 43, "Imperious Armor", "Imperious Armor", "c", 10, 14.7, 320.0, 308.0, 338.0, 320.0, 66.0, 56.0, 46.0, 66.0, 30.0, 54.0, 68.0, 52.0, 52.0, "Imperious Set" 
	142, 44, "Imported Tunic", "Imported Tunic", "c", 10, 6.5, 94.0, 106.0, 90.0, 90.0, 28.0, 24.0, 34.0, 28.0, 0.0, 34.0, 38.0, 0.0, 0.0, "Imported Set" 
	143, 45, "Infantry Armor", "Infantry Armor", "c", 10, 5.9, 114.0, 118.0, 110.0, 110.0, 28.0, 26.0, 36.0, 28.0, 0.0, 30.0, 30.0, 0.0, 0.0, "Infantry Set" 
	144, 46, "Insolent Armor", "Insolent Armor", "c", 10, 9.8, 170.0, 162.0, 182.0, 170.0, 44.0, 44.0, 54.0, 40.0, 16.0, 32.0, 38.0, 42.0, 42.0, "Insolent Set" 
	145, 47, "Ironclad Armor", "Ironclad Armor", "c", 10, 29.8, 342.0, 316.0, 364.0, 342.0, 54.0, 58.0, 38.0, 54.0, 32.0, 30.0, 94.0, 0.0, 0.0, "Ironclad Set" 
	146, 48, "Jester's Robes", "Jester's Robes", "c", 10, 5.7, 132.0, 140.0, 126.0, 126.0, 74.0, 74.0, 74.0, 74.0, 0.0, 80.0, 60.0, 78.0, 52.0, "Jester's Set"
	147, 49, "King's Armor", "King's Armor", "c", 5, 12.0, 214.0, 204.0, 226.0, 214.0, 72.0, 72.0, 57.0, 51.0, 16.0, 81.0, 73.0, 79.0, 0.0, "King's Set" 
	148, 50, "Knight Armor", "Knight Armor", "c", 10, 10.9, 184.0, 178.0, 208.0, 184.0, 54.0, 58.0, 40.0, 54.0, 20.0, 48.0, 68.0, 0.0, 0.0, "Knight Set" 
	149, 51, "Leydia Black Robe", "Leydia Black Robe", "c", 5, 3.5, 105.0, 115.0, 99.0, 99.0, 72.0, 49.0, 43.0, 94.0, 0.0, 52.0, 49.0, 40.0, 64.0, "Leydia Black Set" 
	150, 52, "Leydia White Robe", "Leydia White Robe", "c", 10, 3.5, 96.0, 106.0, 92.0, 92.0, 64.0, 64.0, 54.0, 82.0, 0.0, 46.0, 42.0, 36.0, 56.0, "Leydia White Set" 
	151, 53, "Lion Mage Robe", "Lion Mage Robe", "c", 10, 2.2, 78.0, 82.0, 72.0, 72.0, 74.0, 60.0, 62.0, 74.0, 0.0, 34.0, 34.0, 40.0, 90.0, "Lion Mage Set" 
	152, 54, "Lion Warrior Cape", "Lion Warrior Cape", "c", 10, 1.5, 56.0, 58.0, 56.0, 56.0, 24.0, 22.0, 22.0, 44.0, 0.0, 16.0, 16.0, 42.0, 80.0, "Lion Warrior Set" 
	153, 55, "Llewelynn Armor", "Llewelynn Armor", "c", 5, 6.8, 180.0, 168.0, 186.0, 181.0, 57.0, 69.0, 43.0, 57.0, 0.0, 58.0, 82.0, 33.0, 33.0, "Llewellyn Set" 
	154, 56, "Looking Glass Armor", "Looking Glass Armor", "c", 5, 18.3, 393.0, 348.0, 442.0, 393.0, 54.0, 60.0, 90.0, 54.0, 40.0, 51.0, 96.0, 0.0, 0.0, "Looking Glass Set" 
	155, 57, "Lucatiel's Vest", "Lucatiel's Vest", "c", 10, 6.0, 152.0, 164.0, 148.0, 148.0, 84.0, 74.0, 92.0, 84.0, 0.0, 66.0, 52.0, 28.0, 54.0, "Lucatiel's Set" 
	156, 58, "Mad Warrior Armor", "Mad Warrior Armor", "c", 5, 12.5, 256.0, 256.0, 270.0, 244.0, 42.0, 40.0, 31.0, 42.0, 25.0, 54.0, 54.0, 49.0, 49.0, "Mad Warrior Set" 
	157, 59, "Manikin Top", "Manikin Top", "c", 10, 2.3, 92.0, 98.0, 88.0, 88.0, 46.0, 44.0, 56.0, 58.0, 0.0, 54.0, 76.0, 24.0, 0.0, "Manikin Set" 
	158, 60, "Mastodon Armor", "Mastodon Armor", "c", 10, 17.7, 396.0, 368.0, 422.0, 396.0, 52.0, 56.0, 34.0, 52.0, 35.0, 66.0, 74.0, 0.0, 0.0, "Mastodon Set" 
	159, 61, "Monastery Longshirt", "Monastery Longshirt", "c", 5, 1.6, 100.0, 106.0, 93.0, 93.0, 88.0, 66.0, 57.0, 64.0, 0.0, 112.0, 70.0, 63.0, 75.0, "Monastery Set" 
	160, 62, "Moon Butterfly Wings", "Moon Butterfly Wings", "c", 5, 1.4, 72.0, 78.0, 67.0, 67.0, 37.0, 24.0, 37.0, 31.0, 0.0, 69.0, 30.0, 39.0, 42.0, "Moon Butterfly Set" 
	161, 63, "Nahr Alma Robes", "Nahr Alma Robes", "c", 10, 3.5, 88.0, 94.0, 86.0, 86.0, 50.0, 42.0, 46.0, 88.0, 0.0, 44.0, 44.0, 58.0, 58.0, "Nahr Alma Set" 
	162, 64, "Old Ironclad Armor", "Old Ironclad Armor", "c", 10, 29.8, 300.0, 278.0, 322.0, 300.0, 44.0, 48.0, 34.0, 44.0, 28.0, 24.0, 76.0, 0.0, 0.0, "Old Ironclad Set" 
	163, 65, "Old Knight Armor", "Old Knight Armor", "c", 10, 16.4, 362.0, 340.0, 378.0, 362.0, 40.0, 40.0, 30.0, 40.0, 40.0, 32.0, 68.0, 0.0, 0.0, "Old Knight Set" 
	164, 66, "Pate's Armor", "Pate's Armor", "c", 10, 5.9, 130.0, 134.0, 126.0, 126.0, 42.0, 28.0, 52.0, 44.0, 0.0, 46.0, 42.0, 0.0, 0.0, "Pate's Set"
	165, 67, "Peasant Attire", "Peasant Attire", "c", 10, 3.8, 50.0, 56.0, 48.0, 48.0, 24.0, 26.0, 32.0, 22.0, 0.0, 36.0, 30.0, 0.0, 0.0, "Peasant Set" 
	166, 68, "Penal Straightjacket", "Penal Straightjacket", "c", 5, 6.2, 112.0, 115.0, 115.0, 105.0, 46.0, 58.0, 42.0, 52.0, 0.0, 18.0, 13.0, 37.0, 48.0, "Penal Set" 
	167, 69, "Priestess Robe", "Priestess Robe", "c", 10, 2.8, 106.0, 110.0, 104.0, 104.0, 66.0, 66.0, 92.0, 74.0, 0.0, 44.0, 42.0, 52.0, 52.0, "Priestess Set" 
	168, 70, "Prisoner's Tatters", "Prisoner's Tatters", "c", 10, 2.2, 22.0, 24.0, 22.0, 22.0, 22.0, 22.0, 34.0, 26.0, 0.0, 26.0, 20.0, 0.0, 0.0, "Prisoner's Set" 
	169, 71, "Red Lion Warrior Cape", "Red Lion Warrior Cape", "c", 10, 1.5, 68.0, 70.0, 66.0, 66.0, 32.0, 30.0, 30.0, 52.0, 0.0, 24.0, 22.0, 46.0, 94.0, "Red Lion Warrior Set" 
	170, 72, "Robe of Judgment", "Robe of Judgment", "c", 5, 3.9, 115.0, 123.0, 111.0, 111.0, 58.0, 48.0, 40.0, 52.0, 0.0, 31.0, 33.0, 0.0, 64.0, "Judgment Set" 
	171, 73, "Rogue Armor", "Rogue Armor", "c", 10, 3.5, 112.0, 108.0, 112.0, 112.0, 36.0, 42.0, 40.0, 48.0, 0.0, 42.0, 40.0, 0.0, 0.0, "Rogue Set" 
	172, 74, "Royal Soldier Armor", "Royal Soldier Armor", "c", 10, 9.2, 158.0, 148.0, 164.0, 160.0, 48.0, 50.0, 34.0, 48.0, 16.0, 42.0, 46.0, 0.0, 0.0, "Royal Soldier Set" 
	173, 75, "Royal Swordsman Armor", "Royal Swordsman Armor", "c", 10, 11.2, 202.0, 176.0, 224.0, 210.0, 46.0, 58.0, 32.0, 46.0, 18.0, 26.0, 58.0, 0.0, 0.0, "Royal Swordsman Set" 
	174, 76, "Ruin Armor", "Ruin Armor", "c", 5, 10.5, 208.0, 189.0, 225.0, 213.0, 49.0, 55.0, 33.0, 49.0, 18.0, 30.0, 66.0, 85.0, 0.0, "Ruin Set" 
	175, 77, "Rusted Mastodon Armor", "Rusted Mastodon Armor", "c", 10, 15.9, 312.0, 292.0, 334.0, 312.0, 42.0, 44.0, 28.0, 42.0, 28.0, 52.0, 60.0, 0.0, 0.0, "Rusted Mastodon Set" 
	176, 78, "Saint's Dress", "Saint's Dress", "c", 5, 2.6, 100.0, 108.0, 96.0, 96.0, 73.0, 73.0, 91.0, 73.0, 0.0, 45.0, 39.0, 85.0, 79.0, "Saint's Set" 
	177, 79, "Shadow Top", "Shadow Top", "c", 10, 2.6, 96.0, 110.0, 86.0, 86.0, 52.0, 58.0, 54.0, 70.0, 0.0, 78.0, 60.0, 50.0, 0.0, "Shadow Set"
	178, 80, "Singer's Dress", "Singer's Dress", "c", 5, 2.6, 45.0, 49.0, 43.0, 43.0, 67.0, 52.0, 61.0, 61.0, 0.0, 46.0, 34.0, 64.0, 64.0, "Singer's Set" 
	179, 81, "Smelter Demon Armor", "Smelter Demon Armor", "c", 5, 17.6, 378.0, 382.0, 456.0, 279.0, 52.0, 99.0, 49.0, 52.0, 39.0, 36.0, 81.0, 54.0, 54.0, "Smelter Demon Set" 
	180, 82, "Steel Armor", "Steel Armor", "c", 10, 14.0, 320.0, 306.0, 342.0, 320.0, 48.0, 52.0, 38.0, 48.0, 32.0, 44.0, 72.0, 0.0, 0.0, "Steel Set" 
	181, 83, "Syan's Armor", "Syan's Armor", "c", 10, 13.8, 274.0, 246.0, 292.0, 278.0, 52.0, 70.0, 30.0, 52.0, 23.0, 32.0, 90.0, 0.0, 0.0, "Syan's Set" 
	182, 84, "Targray's Armor", "Targray's Armor", "c", 10, 9.8, 178.0, 166.0, 192.0, 178.0, 44.0, 44.0, 36.0, 50.0, 17.0, 54.0, 60.0, 0.0, 0.0, "Targray's Set" 
	183, 85, "Tattered Cloth Robe", "Tattered Cloth Robe", "c", 10, 2.7, 100.0, 106.0, 96.0, 96.0, 52.0, 72.0, 48.0, 52.0, 0.0, 86.0, 30.0, 0.0, 0.0, "Tattered Cloth Set" 
	184, 86, "Throne Defender Armor", "Throne Defender Armor", "c", 5, 13.8, 283.0, 271.0, 292.0, 283.0, 57.0, 63.0, 33.0, 57.0, 25.0, 39.0, 66.0, 0.0, 0.0, "Throne Defender Set" 
	185, 87, "Throne Watcher Armor", "Throne Watcher Armor", "c", 5, 11.2, 208.0, 198.0, 225.0, 208.0, 91.0, 58.0, 46.0, 58.0, 16.0, 46.0, 55.0, 0.0, 0.0, "Throne Watcher Set" 
	186, 88, "Travelling Merchant Coat", "Travelling Merchant Coat", "c", 10, 7.7, 148.0, 158.0, 144.0, 144.0, 42.0, 46.0, 50.0, 42.0, 0.0, 52.0, 58.0, 0.0, 0.0, "Travelling Merchant Set" 
	187, 89, "Tseldora Robe", "Tseldora Robe", "c", 10, 3.0, 44.0, 48.0, 42.0, 42.0, 20.0, 22.0, 26.0, 18.0, 0.0, 20.0, 22.0, 0.0, 0.0, "Tseldora Set" 
	188, 90, "Varangian Armor", "Varangian Armor", "c", 10, 5.1, 134.0, 142.0, 132.0, 132.0, 44.0, 32.0, 50.0, 44.0, 0.0, 52.0, 46.0, 0.0, 0.0, "Varangian Set" 
	189, 91, "Velstadt's Armor", "Velstadt's Armor", "c", 5, 15.2, 343.0, 313.0, 363.0, 357.0, 52.0, 54.0, 31.0, 109.0, 28.0, 39.0, 94.0, 55.0, 72.0, "Velstadt's Set" 
	190, 92, "Vengarl's Armor", "Vengarl's Armor", "c", 5, 15.1, 328.0, 310.0, 351.0, 328.0, 51.0, 63.0, 45.0, 51.0, 34.0, 48.0, 60.0, 0.0, 0.0, "Vengarl's Set" 
	191, 93, "Wanderer Coat", "Wanderer Coat", "c", 10, 3.5, 116.0, 112.0, 116.0, 118.0, 38.0, 50.0, 56.0, 40.0, 0.0, 44.0, 70.0, 0.0, 0.0, "Wanderer Coat" 
	192, 94, "White Hollow Mage Robe", "White Hollow Mage Robe", "c", 10, 2.8, 104.0, 108.0, 102.0, 102.0, 88.0, 64.0, 66.0, 74.0, 0.0, 42.0, 38.0, 60.0, 60.0, "White Hollow Mage Set" 
	193, 95, "White Priest Robe", "White Priest Robe", "c", 10, 3.3, 110.0, 116.0, 108.0, 108.0, 66.0, 66.0, 86.0, 74.0, 0.0, 46.0, 42.0, 42.0, 42.0, "White Priest Set" 
	194, 96, "Xanthous Overcoat", "Xanthous Overcoat", "c", 10, 3.9, 104.0, 120.0, 104.0, 90.0, 78.0, 20.0, 50.0, 60.0, 0.0, 46.0, 42.0, 0.0, 0.0, "Xanthous Set"
	195, 0, "<none>", "<none>", "g", 0, 0.0, 0.0, 0.0, 0.0, 0.0, 0.0, 0.0, 0.0, 0.0, 0.0, 0.0, 0.0,  0.0, 0.0, "" 
    196, 1, "Agdayne's Cuffs", "Agdayne's Cuffs", "g", 5, 2.9, 69.0, 73.0, 67.0, 67.0, 40.0, 39.0, 36.0, 54.0, 0.0, 42.0, 28.0, 36.0, 49.0, "Agdayne's Set" 
	197, 2, "Alonne Knight Gauntlets", "Alonne Knight Gauntlets", "g", 10, 6.7, 144.0, 138.0, 152.0, 144.0, 26.0, 42.0, 20.0, 26.0, 12.0, 14.0, 30.0, 0.0, 0.0, "Alonne Knight Set" 
	198, 3, "Alva's Gauntlets", "Alva's Gauntlets", "g", 10, 2.9, 58.0, 56.0, 60.0, 58.0, 16.0, 18.0, 12.0, 18.0, 4.0, 18.0, 22.0, 0.0, 0.0, "Alva's Set" 
	199, 4, "Archdrake Gloves", "Archdrake Gloves", "g", 10, 3.2, 58.0, 58.0, 58.0, 58.0, 18.0, 18.0, 30.0, 18.0, 6.0, 16.0, 14.0, 0.0, 0.0, "Archdrake Set" 
	200, 5, "Astrologist's Gauntlets", "Astrologist's Gauntlets", "g", 10, 2.1, 50.0, 52.0, 48.0, 48.0, 36.0, 24.0, 24.0, 30.0, 0.0, 16.0, 16.0, 0.0, 0.0, "Astrologist's Set" 
	201, 6, "Bandit Gauntlets", "Bandit Gauntlets", "g", 10, 2.8, 60.0, 60.0, 62.0, 58.0, 18.0, 18.0, 14.0, 18.0, 3.0, 14.0, 20.0, 0.0, 0.0, "Bandit's Set" 
	202, 7, "Bell Keeper Cuffs", "Bell Keeper Cuffs", "g", 10, 2.5, 54.0, 58.0, 54.0, 54.0, 12.0, 10.0, 16.0, 20.0, 0.0, 14.0, 10.0, 0.0, 0.0, "Bell Keeper Set" 
	203, 8, "Benhart's Gauntlets", "Benhart's Gauntlets", "g", 10, 5.5, 110.0, 104.0, 112.0, 110.0, 24.0, 24.0, 22.0, 24.0, 9.0, 28.0, 22.0, 0.0, 0.0, "Benhart's Set" 
	204, 9, "Black Dragon Gauntlets", "Black Dragon Gauntlets", "g", 0, 1.8, 48.0, 47.0, 49.0, 48.0, 17.0, 38.0, 18.0, 17.0, 0.0, 22.0, 31.0, 25.0, 25.0, "Black Dragon Set" 
	205, 10, "Black Gloves", "Black Gloves", "g", 5, 1.0, 39.0, 42.0, 37.0, 37.0, 42.0, 28.0, 28.0, 28.0, 0.0, 18.0, 15.0, 22.0, 21.0, "Black Set" 
	206, 11, "Black Leather Gloves", "Black Leather Gloves", "g", 10, 1.8, 60.0, 62.0, 58.0, 58.0, 28.0, 22.0, 20.0, 24.0, 0.0, 34.0, 24.0, 0.0, 0.0, "Black Leather Set" 
	207, 12, "Black Witch Gloves", "Black Witch Gloves", "g", 5, 1.7, 51.0, 55.0, 49.0, 49.0, 48.0, 37.0, 45.0, 46.0, 0.0, 16.0, 21.0, 22.0, 22.0, "Black Witch Set" 
	208, 13, "Bone King Cuffs", "Bone King Cuffs", "g", 5, 1.9, 52.0, 58.0, 51.0, 51.0, 34.0, 37.0, 30.0, 46.0, 0.0, 27.0, 18.0, 21.0, 33.0, "Bone King Set" 
	209, 14, "Brigand Gauntlets", "Brigand Gauntlets", "g", 10, 1.8, 66.0, 72.0, 64.0, 62.0, 32.0, 26.0, 24.0, 28.0, 0.0, 26.0, 26.0, 0.0, 0.0, "Brigand Set" 
	210, 15, "Catarina Gauntlets", "Catarina Gauntlets", "g", 5, 6.9, 132.0, 132.0, 153.0, 132.0, 28.0, 31.0, 19.0, 28.0, 13.0, 22.0, 36.0, 0.0, 0.0, "Catarina Set" 
	211, 16, "Chaos Gloves", "Chaos Gloves", "g", 5, 1.0, 39.0, 42.0, 37.0, 37.0, 28.0, 42.0, 28.0, 40.0, 0.0, 18.0, 15.0, 22.0, 21.0, "Chaos Set"
	212, 17, "Creighton's Chain Gloves", "Creighton's Chain Gloves", "g", 10, 3.4, 64.0, 62.0, 66.0, 64.0, 20.0, 22.0, 10.0, 20.0, 6.0, 14.0, 24.0, 0.0, 0.0, "Creighton's Set" 
	213, 18, "Dark Gauntlets", "Dark Gauntlets", "g", 5, 5.8, 102.0, 102.0, 106.0, 97.0, 27.0, 27.0, 18.0, 57.0, 9.0, 27.0, 31.0, 0.0, 0.0, "Dark Set" 
	214, 19, "Desert Sorceress Gloves", "Desert Sorceress Gloves", "g", 10, 1.5, 50.0, 52.0, 48.0, 48.0, 46.0, 32.0, 38.0, 42.0, 0.0, 18.0, 12.0, 32.0, 16.0, "Desert Sorceress Set" 
	215, 20, "Dingy Cuffs", "Dingy Cuffs", "g", 10, 1.2, 44.0, 48.0, 40.0, 40.0, 26.0, 22.0, 24.0, 24.0, 0.0, 16.0, 18.0, 36.0, 36.0, "Dingy Set" 
	216, 21, "Dragon Acolyte Gloves", "Dragon Acolyte Gloves", "g", 10, 1.6, 48.0, 50.0, 48.0, 48.0, 20.0, 20.0, 22.0, 24.0, 0.0, 22.0, 48.0, 0.0, 0.0, "Dragon Acolyte Set" 
	217, 22, "Dragonrider Gauntlets", "Dragonrider Gauntlets", "g", 5, 6.2, 141.0, 130.0, 145.0, 141.0, 15.0, 15.0, 16.0, 15.0, 10.0, 15.0, 19.0, 0.0, 0.0, "Dragonrider Set" 
	218, 23, "Drakekeeper Gauntlets", "Drakekeeper Gauntlets", "g", 10, 8.4, 188.0, 182.0, 198.0, 188.0, 30.0, 32.0, 26.0, 30.0, 14.0, 30.0, 40.0, 0.0, 38.0, "Drakekeeper Set" 
	219, 24, "Drangleic Gauntlets", "Drangleic Gauntlets", "g", 5, 6.2, 124.0, 118.0, 135.0, 127.0, 21.0, 21.0, 18.0, 21.0, 10.0, 21.0, 27.0, 0.0, 0.0, "Drangleic Set" 
	220, 25, "Elite Knight Gloves", "Elite Knight Gloves", "g", 10, 3.7, 66.0, 64.0, 72.0, 66.0, 18.0, 20.0, 14.0, 18.0, 4.0, 16.0, 22.0, 0.0, 0.0, "Elite Knight Set" 
	221, 26, "Engraved Gauntlets", "Engraved Gauntlets", "g", 5, 5.5, 43.0, 43.0, 43.0, 43.0, 22.0, 22.0, 22.0, 22.0, 0.0, 22.0, 22.0, 66.0, 66.0, "Engraved Set" 
	222, 27, "Executioner Gauntlets", "Executioner Gauntlets", "g", 5, 2.7, 57.0, 51.0, 60.0, 58.0, 13.0, 13.0, 9.0, 30.0, 4.0, 10.0, 39.0, 0.0, 27.0, "Executioner Set" 
	223, 28, "Falconer Gloves", "Falconer Gloves", "g", 10, 3.2, 62.0, 64.0, 60.0, 60.0, 18.0, 16.0, 20.0, 18.0, 4.0, 20.0, 16.0, 0.0, 0.0, "Falconer Set" 
	224, 29, "Faraam Gauntlets", "Faraam Gauntlets", "g", 10, 4.7, 92.0, 88.0, 100.0, 94.0, 20.0, 22.0, 14.0, 20.0, 11.0, 18.0, 24.0, 0.0, 0.0, "Faraam Set" 
	225, 30, "Gauntlets of Aurous (Invisible)", "Gauntlets of Aurous (Invisible)", "g", 5, 1.2, 43.0, 46.0, 40.0, 42.0, 16.0, 13.0, 18.0, 15.0, 0.0, 12.0, 13.0, 0.0, 0.0, "Aurous Set (Invisible)" 
	226, 31, "Gauntlets of Aurous (Visible)", "Gauntlets of Aurous (Visible)", "g", 5, 3.2, 58.0, 55.0, 61.0, 58.0, 21.0, 19.0, 15.0, 22.0, 6.0, 16.0, 21.0, 0.0, 0.0, "Aurous Set (Visible)" 
	227, 32, "Grave Warden Cuffs", "Grave Warden Cuffs", "g", 10, 2.2, 58.0, 64.0, 56.0, 56.0, 26.0, 24.0, 30.0, 32.0, 0.0, 32.0, 26.0, 0.0, 0.0, "Grave Warden Set" 
	228, 33, "Gyrm Gloves", "Gyrm Gloves", "g", 10, 3.6, 76.0, 76.0, 78.0, 72.0, 10.0, 10.0, 8.0, 10.0, 8.0, 22.0, 16.0, 12.0, 12.0, "Gyrm Set" 
	229, 34, "Gyrm Warrior Gloves", "Gyrm Warrior Gloves", "g", 10, 5.4, 120.0, 124.0, 124.0, 110.0, 14.0, 18.0, 18.0, 14.0, 12.0, 10.0, 28.0, 0.0, 0.0, "Gyrm Warrior Set" 
	230, 35, "Hard Leather Gauntlets", "Hard Leather Gauntlets", "g", 10, 3.8, 80.0, 84.0, 78.0, 78.0, 26.0, 16.0, 32.0, 26.0, 0.0, 28.0, 26.0, 0.0, 0.0, "Hard Leather Set" 
	231, 36, "Havel's Gauntlets", "Havel's Gauntlets", "g", 5, 11.5, 258.0, 225.0, 289.0, 258.0, 37.0, 40.0, 34.0, 37.0, 28.0, 15.0, 61.0, 28.0, 28.0, "Havel's Set" 
	232, 37, "Heide Knight Gauntlets", "Heide Knight Gauntlets", "g", 10, 5.4, 106.0, 100.0, 114.0, 106.0, 18.0, 24.0, 16.0, 32.0, 8.0, 34.0, 26.0, 0.0, 28.0, "Heide Knight Set" 
	233, 38, "Hexer's Gloves", "Hexer's Gloves", "g", 10, 1.0, 52.0, 56.0, 50.0, 50.0, 38.0, 56.0, 38.0, 38.0, 0.0, 24.0, 20.0, 30.0, 28.0, "Hexer Set"
	234, 39, "Hollow Infantry Gloves", "Hollow Infantry Gloves", "g", 10, 2.8, 44.0, 48.0, 46.0, 46.0, 10.0, 8.0, 12.0, 10.0, 0.0, 10.0, 10.0, 0.0, 0.0, "Hollow Infantry Set" 
	235, 40, "Hollow Soldier Gauntlets", "Hollow Soldier Gauntlets", "g", 10, 3.2, 52.0, 48.0, 54.0, 52.0, 16.0, 18.0, 12.0, 16.0, 4.0, 14.0, 16.0, 0.0, 0.0, "Hollow Soldier Set" 
	236, 41, "Imperious Gloves", "Imperious Gloves", "g", 10, 6.0, 130.0, 126.0, 138.0, 130.0, 26.0, 22.0, 18.0, 26.0, 10.0, 22.0, 28.0, 22.0, 22.0, "Imperious Set" 
	237, 42, "Imported Manchette", "Imported Manchette", "g", 10, 1.8, 26.0, 30.0, 26.0, 26.0, 8.0, 6.0, 10.0, 8.0, 0.0, 10.0, 10.0, 0.0, 0.0, "Imported Set" 
	238, 43, "Infantry Gloves", "Infantry Gloves", "g", 10, 2.8, 54.0, 56.0, 52.0, 52.0, 14.0, 12.0, 18.0, 14.0, 0.0, 14.0, 14.0, 0.0, 0.0, "Infantry Set" 
	239, 44, "Insolent Gloves", "Insolent Gloves", "g", 10, 5.8, 100.0, 96.0, 108.0, 100.0, 26.0, 26.0, 32.0, 44.0, 9.0, 24.0, 30.0, 26.0, 26.0, "Insolent Set" 
	240, 45, "Ironclad Gauntlets", "Ironclad Gauntlets", "g", 10, 9.4, 192.0, 178.0, 204.0, 192.0, 30.0, 32.0, 22.0, 30.0, 20.0, 16.0, 52.0, 0.0, 0.0, "Ironclad Set" 
	241, 46, "Jester's Gloves", "Jester's Gloves", "g", 10, 2.3, 52.0, 56.0, 52.0, 52.0, 30.0, 30.0, 30.0, 30.0, 0.0, 32.0, 24.0, 32.0, 20.0, "Jester's Set" 
	242, 47, "King's Gauntlets", "King's Gauntlets", "g", 5, 4.2, 75.0, 72.0, 79.0, 75.0, 25.0, 25.0, 19.0, 18.0, 8.0, 28.0, 25.0, 28.0, 0.0, "King's Set" 
	243, 48, "Knight Gauntlets", "Knight Gauntlets", "g", 10, 3.5, 58.0, 58.0, 68.0, 58.0, 18.0, 18.0, 12.0, 18.0, 6.0, 16.0, 22.0, 0.0, 0.0, "Knight Set" 
	244, 49, "Leather Gloves", "Leather Gloves", "g", 10, 2.8, 78.0, 82.0, 74.0, 74.0, 28.0, 18.0, 38.0, 30.0, 0.0, 32.0, 26.0, 0.0, 0.0, "Hunter Set" 
	245, 50, "Leydia Gauntlets", "Leydia Gauntlets", "g", 10, 1.2, 34.0, 36.0, 32.0, 32.0, 22.0, 22.0, 18.0, 28.0, 0.0, 16.0, 14.0, 12.0, 18.0, "Leydia White Set" 
	246, 51, "Lion Mage Cuffs", "Lion Mage Cuffs", "g", 10, 1.4, 50.0, 52.0, 46.0, 46.0, 48.0, 38.0, 40.0, 48.0, 0.0, 22.0, 22.0, 26.0, 58.0, "Lion Mage Set" 
	247, 52, "Lion Warrior Cuffs", "Lion Warrior Cuffs", "g", 10, 1.3, 48.0, 50.0, 48.0, 48.0, 20.0, 20.0, 20.0, 38.0, 0.0, 14.0, 14.0, 38.0, 70.0, "Lion Warrior Set" 
	248, 53, "Llewellyn Gloves", "Llewellyn Gloves", "g", 5, 3.1, 82.0, 76.0, 85.0, 82.0, 25.0, 31.0, 19.0, 25.0, 0.0, 27.0, 37.0, 15.0, 15.0, "Llewellyn Set" 
	249, 54, "Looking Glass Gauntlets", "Looking Glass Gauntlets", "g", 5, 10.4, 223.0, 198.0, 252.0, 223.0, 30.0, 34.0, 51.0, 30.0, 24.0, 28.0, 55.0, 0.0, 0.0, "Looking Glass Set" 
	250, 55, "Lucatiel's Gloves", "Lucatiel's Gloves", "g", 10, 2.0, 50.0, 54.0, 50.0, 50.0, 28.0, 24.0, 30.0, 28.0, 0.0, 22.0, 18.0, 10.0, 18.0, "Lucatiel's Set"
	251, 56, "Mad Warrior Gauntlets", "Mad Warrior Gauntlets", "g", 5, 7.4, 151.0, 151.0, 159.0, 141.0, 25.0, 24.0, 18.0, 25.0, 12.0, 31.0, 31.0, 28.0, 28.0, "Mad Warrior Set" 
	252, 57, "Manchettes of Judgement", "Manchettes of Judgement", "g", 5, 1.8, 52.0, 57.0, 51.0, 51.0, 27.0, 22.0, 19.0, 24.0, 0.0, 13.0, 15.0, 0.0, 30.0, "Judgement Set" 
	253, 58, "Manikin Gloves", "Manikin Gloves", "g", 10, 1.2, 48.0, 50.0, 46.0, 46.0, 24.0, 22.0, 28.0, 30.0, 0.0, 28.0, 40.0, 12.0, 0.0, "Manikin Set" 
	254, 59, "Mastodon Gauntlets", "Mastodon Gauntlets", "g", 10, 8.8, 196.0, 184.0, 210.0, 196.0, 26.0, 28.0, 18.0, 26.0, 18.0, 32.0, 36.0, 0.0, 0.0, "Mastodon Set" 
	255, 60, "Monastery Long Gloves", "Monastery Long Gloves", "g", 5, 0.9, 48.0, 51.0, 45.0, 45.0, 43.0, 31.0, 27.0, 31.0, 0.0, 54.0, 34.0, 30.0, 36.0, "Monastery Set" 
	256, 61, "Moon Butterfly Cuffs", "Moon Butterfly Cuffs", "g", 5, 0.8, 40.0, 45.0, 39.0, 39.0, 21.0, 13.0, 21.0, 18.0, 0.0, 39.0, 16.0, 22.0, 24.0, "Moon Butterfly Set" 
	257, 62, "Old Ironclad Gauntlets", "Old Ironclad Gauntlets", "g", 10, 9.4, 168.0, 156.0, 180.0, 168.0, 24.0, 26.0, 20.0, 24.0, 18.0, 14.0, 42.0, 0.0, 0.0, "Old Ironclad Set" 
	258, 63, "Old Knight Gauntlets", "Old Knight Gauntlets", "g", 10, 8.2, 182.0, 170.0, 188.0, 182.0, 20.0, 20.0, 16.0, 20.0, 16.0, 16.0, 34.0, 0.0, 0.0, "Old Knight Set" 
	259, 64, "Pate's Gloves", "Pate's Gloves", "g", 10, 3.5, 76.0, 80.0, 76.0, 76.0, 26.0, 16.0, 32.0, 26.0, 0.0, 28.0, 24.0, 0.0, 0.0, "Pate's Set" 
	260, 65, "Peasant Long Gloves", "Peasant Long Gloves", "g", 10, 1.8, 24.0, 26.0, 22.0, 22.0, 10.0, 12.0, 14.0, 10.0, 0.0, 18.0, 14.0, 0.0, 0.0, "Peasant Set" 
	261, 66, "Penal Handcuffs", "Penal Handcuffs", "g", 5, 4.8, 82.0, 85.0, 85.0, 75.0, 31.0, 52.0, 28.0, 37.0, 0.0, 16.0, 13.0, 33.0, 43.0, "Penal Set" 
	262, 67, "Priestess Gloves", "Priestess Gloves", "g", 10, 0.9, 34.0, 36.0, 34.0, 34.0, 22.0, 20.0, 30.0, 24.0, 0.0, 14.0, 14.0, 16.0, 16.0, "Priestess Set" 
	263, 68, "Prisoner's Gloves", "Prisoner's Gloves", "g", 10, 1.0, 10.0, 12.0, 10.0, 10.0, 10.0, 10.0, 14.0, 12.0, 0.0, 12.0, 8.0, 0.0, 0.0, "Prisoner's Set" 
	264, 69, "Rogue Gauntlets", "Rogue Gauntlets", "g", 10, 1.8, 58.0, 56.0, 58.0, 58.0, 18.0, 22.0, 20.0, 24.0, 0.0, 22.0, 20.0, 0.0, 0.0, "Rogue Set" 
	265, 70, "Royal Soldier Gloves", "Royal Soldier Gloves", "g", 10, 3.8, 64.0, 62.0, 68.0, 66.0, 20.0, 20.0, 14.0, 20.0, 6.0, 18.0, 20.0, 0.0, 0.0, "Royal Soldier Set" 
	266, 71, "Royal Swordsman Gloves", "Royal Swordsman Gloves", "g", 10, 6.1, 110.0, 96.0, 122.0, 114.0, 24.0, 32.0, 18.0, 24.0, 10.0, 14.0, 32.0, 0.0, 0.0, "Royal Swordsman Set" 
	267, 72, "Ruin Gauntlets", "Ruin Gauntlets", "g", 5, 6.2, 123.0, 112.0, 132.0, 126.0, 28.0, 33.0, 19.0, 28.0, 10.0, 18.0, 39.0, 51.0, 0.0, "Ruin Set" 
	268, 73, "Rusted Mastodon Gauntlets", "Rusted Mastodon Gauntlets", "g", 10, 7.8, 154.0, 142.0, 164.0, 154.0, 20.0, 22.0, 14.0, 20.0, 13.0, 26.0, 30.0, 0.0, 0.0, "Rusted Mastodon Set" 
	269, 74, "Saint's Long Gloves", "Saint's Long Gloves", "g", 5, 1.0, 39.0, 42.0, 37.0, 37.0, 28.0, 28.0, 34.0, 28.0, 0.0, 18.0, 15.0, 33.0, 30.0, "Saint's Set" 
	270, 75, "Shadow Gauntlets", "Shadow Gauntlets", "g", 10, 1.6, 60.0, 68.0, 54.0, 54.0, 32.0, 36.0, 34.0, 42.0, 0.0, 48.0, 36.0, 30.0, 0.0, "Shadow Set" 
	271, 76, "Smelter Demon Gauntlets", "Smelter Demon Gauntlets", "g", 5, 10.4, 223.0, 202.0, 246.0, 223.0, 31.0, 58.0, 30.0, 31.0, 23.0, 21.0, 48.0, 31.0, 31.0, "Smelter Demon Set" 
	272, 77, "Steel Gauntlets", "Steel Gauntlets", "g", 10, 8.3, 190.0, 182.0, 202.0, 190.0, 28.0, 30.0, 22.0, 28.0, 16.0, 26.0, 42.0, 0.0, 0.0, "Steel Set" 
	273, 78, "Syan's Gauntlets", "Syan's Gauntlets", "g", 10, 5.2, 104.0, 92.0, 110.0, 104.0, 20.0, 26.0, 12.0, 20.0, 9.0, 12.0, 34.0, 0.0, 0.0, "Syan's Set" 
	274, 79, "Targray's Manifers", "Targray's Manifers", "g", 10, 3.3, 60.0, 56.0, 64.0, 60.0, 14.0, 14.0, 12.0, 16.0, 7.0, 18.0, 20.0, 0.0, 0.0, "Targray's Set" 
	275, 80, "Tattered Cloth Manchettes", "Tattered Cloth Manchettes", "g", 10, 1.6, 58.0, 62.0, 58.0, 58.0, 32.0, 42.0, 28.0, 32.0, 0.0, 52.0, 18.0, 0.0, 12.0, "Tattered Cloth Set" 
	276, 81, "Throne Defender Gauntlets", "Throne Defender Gauntlets", "g", 5, 4.2, 85.0, 82.0, 88.0, 87.0, 18.0, 19.0, 10.0, 18.0, 8.0, 12.0, 19.0, 0.0, 0.0, "Throne Defender Set" 
	277, 82, "Throne Watcher Gauntlets", "Throne Watcher Gauntlets", "g", 5, 4.1, 76.0, 72.0, 82.0, 76.0, 33.0, 21.0, 18.0, 21.0, 10.0, 16.0, 21.0, 0.0, 0.0, "Throne Defender Set" 
	278, 83, "Travelling Merchant Gloves", "Travelling Merchant Gloves", "g", 10, 3.8, 74.0, 78.0, 70.0, 70.0, 20.0, 22.0, 24.0, 20.0, 0.0, 26.0, 28.0, 0.0, 0.0, "Travelling Merchant Set" 
	279, 84, "Tseldora Manchettes", "Tseldora Manchettes", "g", 10, 2.0, 30.0, 32.0, 28.0, 28.0, 14.0, 14.0, 18.0, 12.0, 0.0, 14.0, 14.0, 0.0, 0.0, "Tseldora Set" 
	280, 85, "Varangian Cuffs", "Varangian Cuffs", "g", 10, 1.8, 36.0, 38.0, 34.0, 34.0, 12.0, 8.0, 14.0, 12.0, 0.0, 14.0, 12.0, 0.0, 0.0, "Varangian Set" 
	281, 86, "Velstadt's Gauntlets", "Velstadt's Gauntlets", "g", 5, 5.0, 112.0, 103.0, 120.0, 117.0, 16.0, 18.0, 10.0, 36.0, 12.0, 12.0, 31.0, 18.0, 24.0, "Velstadt's Set" 
	282, 87, "Vengarl's Gloves", "Vengarl's Gloves", "g", 5, 5.3, 115.0, 109.0, 123.0, 115.0, 18.0, 22.0, 16.0, 18.0, 8.0, 16.0, 21.0, 0.0, 0.0, "Vengarl's Set" 
	283, 88, "Wanderer Manchette", "Wanderer Manchette", "g", 10, 2.1, 70.0, 66.0, 70.0, 70.0, 24.0, 30.0, 34.0, 24.0, 0.0, 26.0, 42.0, 0.0, 0.0, "Wanderer Set" 
	284, 89, "White Priest Gloves", "White Priest Gloves", "g", 10, 1.1, 36.0, 38.0, 36.0, 36.0, 22.0, 22.0, 28.0, 24.0, 0.0, 16.0, 14.0, 14.0, 14.0, "White Priest Set" 
	285, 90, "Xanthous Gloves", "Xanthous Gloves", "g", 5, 2.3, 46.0, 52.0, 46.0, 39.0, 34.0, 9.0, 22.0, 27.0, 0.0, 19.0, 18.0, 0.0, 0.0, "Xanthous Set"
	286, 0, "<none>", "<none>", "l", 0, 0.0, 0.0, 0.0, 0.0, 0.0, 0.0, 0.0, 0.0, 0.0, 0.0, 0.0, 0.0,  0.0, 0.0, "" 
    287, 1, "Agadyne's Kilt", "Agadyne's Kilt", "l", 0, 2.9, 70.0, 74.0, 68.0, 68.0, 41.0, 39.0, 36.0, 54.0, 0.0, 41.0, 28.0, 36.0, 49.0, "Agadyne's Set"
    288, 2, "Alonne Knight Leggings", "Alonne Knight Leggings", "l", 0, 9.8, 210.0, 201.0, 222.0, 210.0, 38.0, 62.0, 30.0, 38.0, 20.0, 19.0, 44.0, 0.0, 0.0, "Alonne Knight's Set"
	289, 3, "Alva's Leggings", "Alva's Leggings", "l", 10, 5.2, 106.0, 100.0, 110.0, 104.0, 30.0, 32.0, 22.0, 32.0, 9.0, 32.0, 40.0, 0.0, 0.0, "Alva's Set"
	290, 4, "Archdrake Boots", "Archdrake Boots", "l", 0, 4.7, 85.0, 85.0, 85.0, 85.0, 27.0, 26.0, 45.0, 25.0, 7.0, 23.0, 19.0, 0.0, 0.0, "Archdrake's Set"
	291, 5, "Astrologist's Bottoms", "Astrologist's Bottoms", "l", 0, 3.8, 90.0, 94.0, 87.0, 87.0, 65.0, 44.0, 44.0, 55.0, 0.0, 28.0, 28.0, 0.0, 0.0, "Astrologist's Set"
	292, 6, "Bandit Boots", "Bandit Boots", "l", 0, 2.8, 60.0, 60.0, 62.0, 58.0, 18.0, 19.0, 15.0, 18.0, 3.0, 13.0, 19.0, 0.0, 0.0, "Bandit's Set"
	293, 7, "Bell Keeper Trousers", "Bell Keeper Trousers", "l", 0, 4, 8.0, 92.0, 85.0, 85.0, 19.0, 18.0, 25.0, 33.0, 0.0, 21.0, 17.0, 0.0, 0.0, "Bell Keeper's Set"
	294, 8, "Benhart's Boots", "Benhart's Boots", "l", 0, 6.5, 129.0, 124.0, 134.0, 129.0, 30.0, 28.0, 26.0, 30.0, 11.0, 34.0, 26.0, 0.0, 0.0, "Benhart's Set"
	295, 9, "Black Boots", "Black Boots", "l", 0, 2.0, 78.0, 83.0, 74.0, 74.0, 85.0, 57.0, 57.0, 57.0, 0.0, 35.0, 30.0, 45.0, 41.0, "Black Set"
	296, 10, "Black Dragon Leggings", "Black Dragon Leggings", "l", 0, 2.7, 72.0, 70.0, 74.0, 72.0, 26.0, 57.0, 27.0, 26.0, 0.0, 33.0, 47.0, 38.0, 38.0, "Black Dragon Set"
	297, 11, "Black Leather Boots", "Black Leather Boots", "l", 0, 2.2, 74.0, 76.0, 72.0, 72.0, 35.0, 27.0, 25.0, 29.0, 0.0, 42.0, 29.0, 0.0, 0.0, "Black Leather Set"
	298, 12, "Black Witch Trousers", "Black Witch Trousers", "l", 0, 1.7, 52.0, 56.0, 50.0, 50.0, 48.0, 38.0, 45.0, 46.0, 0.0, 17.0, 21.0, 23.0, 23.0, "Black Witch's Set"
	299, 13, "Blood-Stained Skirt", "Blood-Stained Skirt", "l", 0, 2.5, 90.0, 101.0, 84.0, 84.0, 54.0, 46.0, 51.0, 51.0, 0.0, 34.0, 39.0, 77.0, 77.0, "Blood-Stained Set"
	300, 14, "Bone King Skirt", "Bone King Skirt", "l", 0, 2.9, 81.0, 88.0, 78.0, 78.0, 52.0, 57.0, 46.0, 72.0, 0.0, 42.0, 26.0, 32.0, 51.0, "65"
	301, 15, "Brigand Trousers", "Brigand Trousers", "l", 0, 1.8, 66.0, 72.0, 65.0, 61.0, 32.0, 26.0, 25.0, 28.0, 0.0, 26.0, 27.0, 0.0, 0.0, "Brigand's Set"
	302, 16, "Cale's Shoes", "Cale's Shoes", "l", 0, 6.4, 166.0, 164.0, 164.0, 171.0, 47.0, 50.0, 40.0, 47.0, 0.0, 73.0, 45.0, 0.0, 0.0, "Cale's Set"
	303, 17, "Catarina Leggings", "Catarina Leggings", "l", 0, 6.9, 132.0, 132.0, 153.0, 32.0, 28.0, 31.0, 19.0, 28.0, 13.0, 23.0, 36.0, 0.0, 0.0, "Catarina Set"
	304, 18, "Chaos Boots", "Chaos Boots", "l", 0, 2, 78.0, 83.0, 74.0, 74.0, 57.0, 85.0, 57.0, 82.0, 0.0, 35.0, 30.0, 45.0, 41.0, "Chaos Set"
	305, 19, "Creighton's Chain Leggings", "Creighton's Chain Leggings", "l", 0, 4.5, 84.0, 82.0, 87.0, 84.0, 25.0, 28.0, 14.0, 25.0, 7.0, 19.0, 31.0, 0.0, 0.0, "Creighton's Set"
	306, 20, "Dark Leggings", "Dark Leggings", "l", 0, 5.8, 101.0, 101.0, 107.0, 97.0, 27.0, 27.0, 18.0, 56.0, 9.0, 27.0, 31.0, 0.0, 0.0, "Dark Set"
	307, 21, "Desert Sorceress Skirt", "Desert Sorceress Skirt", "l", 0, 2.4, 79.0, 83.0, 77.0, 77.0, 74.0, 51.0, 61.0, 67.0, 0.0, 29.0, 19.0, 52.0, 24.0, "Desert Sorceress Set"
	308, 22, "Dragon Acolyte Boots", "Dragon Acolyte Boots", "l", 0, 2.4, 73.0, 76.0, 71.0, 71.0, 30.0, 30.0, 34.0, 37.0, 0.0, 34.0, 66.0, 0.0, 0.0, "Dragon Acolyte Set"
	309, 23, "Dragonrider Leggings", "Dragonrider Leggings", "l", 0, 7.4, 168.0, 157.0, 175.0, 168.0, 19.0, 18.0, 19.0, 19.0, 12.0, 18.0, 23.0, 0.0, 0.0, "Dragonrider Leggings"
	310, 24, "Drakekeeper Boots", "Drakekeeper Boots", "l", 0, 8.4, 189.0, 182.0, 199.0, 189.0, 29.0, 32.0, 26.0, 29.0, 14.0, 29.0, 40.0, 0.0, 39.0, "Drakekeeper Set"
	311, 25, "Dragleic Leggings", "Dragleic Leggings", "l", 0, 7.6, 153.0, 145.0, 166.0, 156.0, 25.0, 25.0, 22.0, 25.0, 12.0, 26.0, 33.0, 0.0, 0.0, "Drangleic Set"
	312, 26, "Elite Knight Leggings", "Elite Knight Leggings", "l", 0, 6.9, 122.0, 119.0, 135.0, 122.0, 35.0, 37.0, 25.0, 35.0, 9.0, 29.0, 41.0, 0.0, 0.0, "Elite Knight Set"
	313, 27, "Executioner Leggings", "Executioner Leggings", "l", 0, 2.7, 56.0, 52.0, 60.0, 58.0, 13.0, 14.0, 9.0, 30.0, 4.0, 10.0, 38.0, 0.0, 27.0, "Executioner's Set"
	314, 28, "Falconer Boots", "Falconer Boots", "l", 0, 5.8, 111.0, 118.0, 107.0, 107.0, 33.0, 28.0, 38.0, 33.0, 8.0, 36.0, 29.0, 0.0, 0.0, "Falconer's Set"
	315, 29, "Faraam Boots", "Faraam Boots", "l", 0, 7.9, 156.0, 147.0, 166.0, 159.0, 35.0, 38.0, 23.0, 35.0, 11.0, 30.0, 41.0, 0.0, 0.0, "Faraam Set"
	316, 30, "Flying Feline Boots", "Flying Feline Boots", "l", 0, 2, 60.0, 74.0, 53.0, 54.0, 22.0, 14.0, 37.0, 24.0, 0.0, 26.0, 28.0, 0.0, 75.0, "Flying Feline Set"
	317, 31, "Grave Warden Bottoms", "Grave Warden Bottoms", "l", 0, 3.8, 100.0, 109.0, 96.0, 96.0, 44.0, 42.0, 53.0, 57.0, 0.0, 54.0, 43.0, 0.0, 0.0, "Grave Warden's Set"
	318, 32, "Gyrm Boots", "Gyrm Boots", "l", 0, 5.6, 117.0, 117.0, 123.0, 112.0, 17.0, 16.0, 14.0, 17.0, 14.0, 33.0, 25.0, 18.0, 18.0, "Gyrm Set"
	319, 33, "Gyrm Warrior Boots", "Gyrm Warrior Boots", "l", 0, 8.8, 195.0, 203.0, 203.0, 179.0, 24.0, 28.0, 28.0, 24.0, 22.0, 17.0, 45.0, 0.0, 0.0, "Gyrm Warrior's Set"
	320, 34, "Hard Leather Boots", "Hard Leather Boots", "l", 0, 3.8, 80.0, 83.0, 78.0, 78.0, 25.0, 16.0, 31.0, 26.0, 0.0, 28.0, 25.0, 0.0, 0.0, "Hard Leather Set"
	321, 35, "Havel's Leggings", "Havel's Leggings", "l", 0, 11.5, 258.0, 225.0, 290.0, 258.0, 37.0, 40.0, 34.0, 37.0, 28.0, 15.0, 61.0, 29.0, 29.0, "Havel's Set"
	322, 36, "Heavy Boots", "Heavy Boots", "l", 0, 1.6, 59.0, 62.0, 57.0, 57.0, 31.0, 43.0, 28.0, 31.0, 0.0, 51.0, 18.0, 0.0, 11.0, "Heavy Set"
	323, 37, "Heide Knights Leggings", "Heide Knights Leggings", "l", 0, 6.4, 126.0, 119.0, 135.0, 126.0, 22.0, 28.0, 19.0, 38.0, 10.0, 41.0, 31.0, 0.0, 33.0, "Heide Knight's Set"
	324, 38, "Hexer's Boots", "Hexer's Boots", "l", 0, 2, 78.0, 83.0, 74.0, 74.0, 57.0, 85.0, 57.0, 57.0, 0.0, 35.0, 30.0, 45.0, 41.0, "Hexer's Set"
	325, 39, "Hollow Infantry Boots", "Hollow Infantry Boots", "l", 0, 4.5, 70.0, 72.0, 68.0, 68.0, 15.0, 13.0, 19.0, 15.0, 0.0, 15.0, 15.0, 0.0, 0.0, "Hollow Infantry Set"
	326, 40, "Hollow Soldier Leggings", "Hollow Soldier Leggings", "l", 0, 1.8, 29.0, 28.0, 30.0, 29.0, 9.0, 10.0, 6.0, 9.0, 0.0, 8.0, 9.0, 0.0, 0.0, "Hollow Soldier Set"
	327, 41, "Imperious Leggings", "Imperious Leggings", "l", 10, 7.5, 164.0, 158.0, 172.0, 164.0, 34.0, 28.0, 24.0, 34.0, 14.0, 28.0, 34.0, 26.0, 26.0, "Imperious Set" 
	328, 42, "Imported Trousers", "Imported Trousers", "l", 10, 3.6, 52.0, 58.0, 50.0, 50.0, 16.0, 14.0, 18.0, 16.0, 0.0, 18.0, 20.0, 0.0, 0.0, "Imported Set"
	329, 43, "Infantry Boots", "Infantry Boots", "l", 10, 4.5, 86.0, 90.0, 84.0, 84.0, 22.0, 20.0, 28.0, 22.0, 0.0, 22.0, 22.0, 0.0, 0.0, "Infantry Set"
	330, 44, "Insolent Boots", "Insolent Boots", "l", 10, 5.8, 100.0, 96.0, 108.0, 100.0, 26.0, 26.0, 32.0, 24.0, 9.0, 24.0, 30.0, 26.0, 26.0, "Insolent Set" 
	331, 45, "Ironclad Leggings", "Ironclad Leggings", "l", 10, 9.4, 192.0, 178.0, 204.0, 192.0, 30.0, 32.0, 22.0, 30.0, 20.0, 16.0, 52.0, 0.0, 0.0, "Ironclad Set" 
	332, 46, "Jester's Tights", "Jester's Tights", "l", 10, 2.7, 62.0, 66.0, 60.0, 60.0, 34.0, 34.0, 34.0, 34.0, 0.0, 38.0, 28.0, 36.0, 24.0, "Jester's Set" 
	333, 47, "King's Leggings", "King's Leggings", "l", 5, 7.1, 127.0, 121.0, 135.0, 127.0, 42.0, 42.0, 33.0, 30.0, 10.0, 48.0, 43.0, 46.0, 0.0, "King's Set"
	334, 48, "Knight Leggings", "Knight Leggings", "l", 10, 6.4, 108.0, 104.0, 122.0, 108.0, 32.0, 34.0, 24.0, 32.0, 12.0, 28.0, 40.0, 0.0, 0.0, "Knight Set"
	335, 49, "Leather Boots", "Leather Boots", "l", 10, 2.8, 78.0, 82.0, 74.0, 74.0, 28.0, 18.0, 38.0, 30.0, 0.0, 32.0, 26.0, 0.0, 0.0, "Hunter Set"
	336, 50, "Leggings of Aurous (Invisible)", "Leggings of Aurous (Invisible)", "l", 5, 2.0, 72.0, 76.0, 67.0, 69.0, 28.0, 22.0, 30.0, 25.0, 0.0, 19.0, 22.0, 0.0, 0.0, "Aurous Set (Invisible)" 
	337, 51, "Leggings of Aurous (Visible)", "Leggings of Aurous (Visible)", "l", 5, 5.8, 105.0, 102.0, 111.0, 106.0, 37.0, 36.0, 25.0, 39.0, 10.0, 30.0, 37.0, 0.0, 0.0, "Aurous Set (Visible)" 
	338, 52, "Lion Mage Skirt", "Lion Mage Skirt", "l", 10, 1.4, 50.0, 52.0, 46.0, 46.0, 48.0, 38.0, 40.0, 48.0, 0.0, 22.0, 22.0, 26.0, 58.0, "Lion Mage Set" 
	339, 53, "Lion Warrior Skirt", "Lion Warrior Skirt", "l", 10, 1.2, 46.0, 46.0, 44.0, 44.0, 20.0, 18.0, 18.0, 34.0, 0.0, 12.0, 12.0, 34.0, 64.0, "Lion Warrior Set" 
	340, 54, "Llewellyn Shoes", "Llewellyn Shoes", "l", 5, 3.1, 82.0, 76.0, 85.0, 82.0, 25.0, 31.0, 19.0, 25.0, 0.0, 27.0, 37.0, 15.0, 15.0, "Llewellyn Set" 
	341, 55, "Looking Glass Leggings", "Looking Glass Leggings", "l", 5, 10.4, 223.0, 198.0, 252.0, 223.0, 30.0, 34.0, 51.0, 30.0, 24.0, 28.0, 55.0, 0.0, 0.0, "Looking Glass Set" 
	342, 56, "Lucatiel's Trousers", "Lucatiel's Trousers", "l", 10, 4, 102.0, 110.0, 98.0, 98.0, 56.0, 50.0, 60.0, 56.0, 0.0, 44.0, 34.0, 18.0, 36.0, "Lucatiel's Set" 
	343, 57, "Mad Warrior Leggings", "Mad Warrior Leggings", "l", 5, 7.4, 151.0, 151.0, 159.0, 145.0, 25.0, 24.0, 18.0, 25.0, 12.0, 31.0, 31.0, 28.0, 28.0, "Mad Warrior Set" 
	344, 58, "Manikin Boots", "Manikin Boots", "l", 10, 1.6, 64.0, 68.0, 62.0, 62.0, 32.0, 30.0, 38.0, 40.0, 0.0, 0.0, 38.0, 52.0, 16.0, "Manikin Set" 
	345, 59, "Mastodon Leggings", "Mastodon Leggings", "l", 10, 10.8, 242.0, 226.0, 258.0, 242.0, 32.0, 34.0, 20.0, 32.0, 24.0, 40.0, 46.0, 0.0, 0.0, "Mastodon Set" 
	346, 60, "Monastery Skirt", "Monastery Skirt", "l", 5, 4.0, 70.0, 75.0, 66.0, 66.0, 63.0, 46.0, 40.0, 45.0, 0.0, 78.0, 49.0, 43.0, 52.0, "Monastery Set" 
	347, 61, "Moon Butterfly Skirt", "Moon Butterfly Skirt", "l", 5, 1.2, 61.0, 67.0, 58.0, 58.0, 31.0, 21.0, 33.0, 27.0, 0.0, 58.0, 25.0, 33.0, 36.0, "Moon Butterfly Set" 
	348, 62, "Old Ironclad Leggings", "Old Ironclad Leggings", "l", 10, 5.8, 110.0, 118.0, 108.0, 108.0, 34.0, 28.0, 38.0, 34.0, 8.0, 36.0, 30.0, 0.0, 0.0, "Old Ironclad Set" 
	349, 63, "Old Knight Leggings", "Old Knight Leggings", "l", 10, 8.2, 182.0, 170.0, 188.0, 182.0, 20.0, 20.0, 16.0, 20.0, 16.0, 16.0, 34.0, 0.0, 0.0, "Old Knight Set" 
	350, 64, "Pate's Trousers", "Pate's Trousers", "l", 10, 3.5, 76.0, 80.0, 76.0, 76.0, 26.0, 16.0, 32.0, 26.0, 0.0, 28.0, 24.0, 0.0, 0.0, "Pate's Set" 
	351, 65, "Peasant Trousers", "Peasant Trousers", "l", 10, 2.6, 34.0, 38.0, 32.0, 32.0, 16.0, 18.0, 22.0, 16.0, 0.0, 24.0, 20.0, 0.0, 0.0, "Peasant Set" 
	352, 66, "Penal Skirt", "Penal Skirt", "l", 5, 4.8, 102.0, 105.0, 105.0, 94.0, 42.0, 52.0, 39.0, 48.0, 0.0, 16.0, 13.0, 33.0, 43.0, "Penal Set" 
	353, 67, "Priestess Skirt", "Priestess Skirt", "l", 10, 1.9, 72.0, 74.0, 70.0, 70.0, 44.0, 44.0, 62.0, 50.0, 0.0, 30.0, 28.0, 36.0, 36.0, "Priestess Set" 
	354, 68, "Prisoner's Wasitcloth", "Prisoner's Wasitcloth", "l", 10, 1.0, 10.0, 12.0, 10.0, 10.0, 10.0, 10.0, 14.0, 12.0, 0.0, 12.0, 8.0, 0.0, 0.0, "Prisoner's Set" 
	355, 69, "Rogue Leggings", "Rogue Leggings", "l", 10, 2.5, 80.0, 78.0, 80.0, 80.0, 26.0, 30.0, 28.0, 34.0, 0.0, 30.0, 28.0, 0.0, 0.0, "Rogue Set" 
	356, 70, "Royal Soldier Leggings", "Royal Soldier Leggings", "l", 10, 5.3, 90.0, 86.0, 94.0, 92.0, 28.0, 28.0, 20.0, 28.0, 8.0, 24.0, 28.0, 0.0, 0.0, "Royal Soldier Set" 
	357, 71, "Royal Swordsman Leggings", "Royal Swordsman Leggings", "l", 10, 6.1, 110.0, 96.0, 122.0, 94.0, 24.0, 32.0, 18.0, 24.0, 10.0, 14.0, 32.0, 0.0, 0.0, "Royal Swordsman Set" 
	358, 72, "Ruin Leggings", "Ruin Leggings", "l", 5, 6.2, 123.0, 112.0, 132.0, 126.0, 28.0, 33.0, 19.0, 28.0, 12.0, 18.0, 39.0, 51.0, 0.0, "Ruin Set" 
	359, 73, "Rusted Mastodon Leggings", "Rusted Mastodon Leggings", "l", 10, 9.8, 192.0, 180.0, 206.0, 192.0, 26.0, 28.0, 16.0, 26.0, 17.0, 32.0, 36.0, 0.0, 0.0, "Rusted Mastodon Set" 
	360, 74, "Saint's Trousers", "Saint's Trousers", "l", 5, 2.0, 78.0, 82.0, 73.0, 73.0, 57.0, 57.0, 70.0, 57.0, 0.0, 34.0, 30.0, 66.0, 61.0, "Saint's Set" 
	361, 75, "Shadow Leggings", "Shadow Leggings", "l", 10, 1.6, 60.0, 68.0, 54.0, 54.0, 32.0, 36.0, 34.0, 42.0, 0.0, 48.0, 36.0, 30.0, 0.0, "Shadow Set" 
	362, 76, "Smelter Demon Leggings", "Smelter Demon Leggings", "l", 5, 10.4, 223.0, 202.0, 246.0, 223.0, 31.0, 58.0, 30.0, 31.0, 23.0, 21.0, 48.0, 31.0, 31.0, "Smelter Demon Set" 
	363, 77, "Steel Leggings", "Steel Leggings", "l", 10, 8.3, 190.0, 182.0, 202.0, 190.0, 28.0, 30.0, 22.0, 28.0, 16.0, 26.0, 42.0, 0.0, 0.0, "Steel Set" 
	364, 78, "Syan's Leggings", "Syan's Leggings", "l", 10, 7.1, 140.0, 126.0, 150.0, 144.0, 28.0, 36.0, 16.0, 28.0, 12.0, 16.0, 46.0, 0.0, 0.0, "Syan's Set" 
	365, 79, "Targray's Leggings", "Targray's Leggings", "l", 10, 5.8, 106.0, 98.0, 114.0, 106.0, 26.0, 26.0, 22.0, 30.0, 10.0, 32.0, 34.0, 0.0, 0.0, "Targray's Set" 
	366, 80, "Throne Defender Leggings", "Throne Defender Leggings", "l", 5, 7.7, 157.0, 151.0, 163.0, 159.0, 31.0, 36.0, 18.0, 31.0, 13.0, 22.0, 36.0, 0.0, 0.0, "Throne Defender Set" 
	367, 81, "Throne Watcher Leggings", "Throne Watcher Leggings", "l", 5, 6.6, 123.0, 117.0, 132.0, 123.0, 54.0, 34.0, 28.0, 34.0, 12.0, 27.0, 33.0, 0.0, 0.0, "Throne Watcher Set" 
	368, 82, "Tights of Judgement", "Tights of Judgement", "l", 5, 2.8, 82.0, 88.0, 79.0, 79.0, 42.0, 34.0, 30.0, 37.0, 0.0, 22.0, 24.0, 0.0, 46.0, "Judgement Set" 
	369, 83, "Travelling Merchant Boots", "Travelling Merchant Boots", "l", 10, 3.8, 74.0, 78.0, 70.0, 70.0, 20.0, 22.0, 24.0, 20.0, 0.0, 26.0, 28.0, 0.0, 0.0, "Travelling Merchant Set" 
	370, 84, "Tseldora Trousers", "Tseldora Trousers", "l", 10, 2.0, 30.0, 32.0, 28.0, 28.0, 14.0, 14.0, 18.0, 12.0, 0.0, 14.0, 14.0, 0.0, 0.0, "Tseldora Set" 
	371, 85, "Varangian Leggings", "Varangian Leggings", "l", 10, 2.4, 52.0, 54.0, 50.0, 50.0, 16.0, 12.0, 20.0, 16.0, 0.0, 20.0, 18.0, 0.0, 0.0, "Varangian Set" 
	372, 86, "Velstadt's Leggings", "Velstadt's Leggings", "l", 5, 7.2, 162.0, 148.0, 172.0, 169.0, 24.0, 25.0, 15.0, 51.0, 14.0, 18.0, 45.0, 25.0, 34.0, "Velstadt's Set" 
	373, 87, "Vengarl's Boots", "Vengarl's Boots", "l", 5, 7.9, 172.0, 162.0, 183.0, 172.0, 27.0, 33.0, 24.0, 27.0, 14.0, 25.0, 31.0, 0.0, 0.0, "Vengarl's Set" 
	374, 88, "Wanderer Boots", "Wanderer Boots", "l", 10, 2.1, 70.0, 66.0, 70.0, 70.0, 24.0, 30.0, 34.0, 24.0, 0.0, 26.0, 42.0, 0.0, 0.0, "Wanderer Set" 
	375, 89, "White Priest Skirt", "White Priest Skirt", "l", 10, 2.4, 80.0, 84.0, 78.0, 78.0, 48.0, 48.0, 62.0, 54.0, 0.0, 32.0, 32.0, 30.0, 30.0, "White Priest Set"
	376, 90, "Xanthous Waistcloth", "Xanthous Waistcloth", "l", 5, 4.0, 81.0, 91.0, 81.0, 69.0, 60.0, 16.0, 37.0, 46.0, 0.0, 36.0, 31.0, 0.0, 0.0, "Xanthous Set"